ID,ell_light_uk,ell_moist_uk,ell_pH_uk,ell_N,li_form_B,ros,reprod_B,strategy,self_st,Breeding_sys,flw_muell,poll_vect_B,MycoFlor
Abies alba,-3.0,6.0,5.0,6.0,M,r,s,c,SI,X,W,wi,OM
Abutilon theophrasti,8.0,5.0,7.0,7.0,T,r,s,cr,SC,AO,Po,se,OM
Acer campestre,-5.0,5.0,7.0,6.0,M,r,ssv,c,,AF,A,in,FM
Acer negundo,-5.0,6.0,7.0,7.0,M,r,sv,c,,X,A,wi,OM
Acer platanoides,-4.0,5.0,7.0,6.0,M,r,s,c,SI,X,A,in,FM
Acer pseudoplatanus,-4.0,5.0,6.0,6.0,M,r,s,c,,AF,A,in,FM
Aceras anthropophorum,,,,,G,h,s,csr,SC,XF,B,se,OM
Achillea clavennae,,,,,H,h,sv,cs,SI,X,B`,in,OM
Achillea millefolium,7.0,4.0,6.0,4.0,H,h,sv,c,SI,X,B`,in,FM
Achillea nobilis,,,,,H,h,sv,cs,SI,X,B`,in,OM
Achillea ptarmica,7.0,7.0,4.0,2.0,H,r,sv,cs,SI,X,,in,FM
Achillea salicifolia,,,,,H,r,sv,cs,SI,X,B`,in,NM
Achillea setacea,,,,,H,h,sv,cs,SI,X,B`,in,OM
Acinos alpinus,,,,,H,r,s,csr,SC,AFXF,H,se,OM
Aconitum napellus,5.0,7.0,7.0,6.0,H,r,s,c,,,Hh,se,FM
Acorus calamus,8.0,10.0,7.0,7.0,G,g,v,cs,,,A,,FM
Acroptilon repens,,,,,G,r,vvs,c,SI,X,B`,in,OM
Actaea spicata,3.0,5.0,6.0,6.0,H,r,sv,cs,SC,AFXF,Po,se,FM
Adenophora liliifolia,,,,,H,h,s,cs,,,B,se,OM
Adonis aestivalis,,,,,H,h,s,sr,,,Po,se,OM
Adonis vernalis,,,,,H,r,sv,csr,SI,X,Po,se,OM
Adoxa moschatellina,3.0,5.0,6.0,5.0,G,r,vvs,csr,I+,X,A,se,FM
Aegopodium podagraria,5.0,5.0,6.0,7.0,H,h,vvs,c,SC,XF,A,in,FM
Aesculus hippocastanum,4.0,5.0,6.0,7.0,M,r,s,c,SC,XF,B,in,OM
Aethusa cynapium,6.0,4.0,7.0,6.0,H,h,s,cr,SC,AF,A,se,OM
Agrimonia eupatoria,7.0,4.0,7.0,4.0,H,h,s,c,SC,AF,Po,se,OM
Agrostemma githago,7.0,4.0,6.0,5.0,H,h,s,cr,SC,AFXF,Ft,se,FM
Agrostis alpina,,,,,H,h,sv,csr,SI,X,W,wi,OM
Agrostis canina,7.0,7.0,3.0,2.0,H,h,sv,csr,I+,X,W,wi,FM
Agrostis capillaris,6.0,4.0,4.0,4.0,H,h,sv,csr,I+,X,W,wi,FM
Agrostis gigantea,7.0,6.0,6.0,6.0,G,h,sv,c,I+,X,W,wi,OM
Agrostis scabra,,,,,H,h,s,r,SI,X,W,wi,OM
Agrostis stolonifera,7.0,6.0,6.0,5.0,H,h,sv,csr,I+,X,W,wi,FM
Agrostis vinealis,7.0,2.0,2.0,1.0,H,h,sv,csr,SI,X,W,wi,OM
Ailanthus altissima,-8.0,5.0,7.0,7.0,M,r,sv,c,,X,A,in,FM
Aira caryophyllea,8.0,2.0,4.0,1.0,H,h,s,sr,SC,AO,W,se,FM
Aira praecox,8.0,2.0,2.0,1.0,H,h,s,sr,,,W,wi,FM
Ajuga genevensis,,,,,H,h,ssv,csr,SC,XF,Hh,se,OM
Ajuga pyramidalis,7.0,5.0,1.0,1.0,H,h,ssv,csr,SC,AFXF,Hh,se,OM
Ajuga reptans,5.0,6.0,5.0,5.0,H,h,sv,csr,SC,AFXF,Hh,se,OM
Alchemilla alpina,7.0,5.0,4.0,3.0,S,h,sv,csr,,,AD,,OM
Alchemilla connivens,,,,,H,h,sv,csr,,,AD,,FM
Alchemilla crinita,,,,,H,h,sv,csr,,,AD,,FM
Alchemilla filicaulis,8.0,6.0,6.0,3.0,H,h,sv,csr,,,AD,,FM
Alchemilla glabra,6.0,5.0,6.0,4.0,H,h,sv,csr,,,AD,,OM
Alchemilla glaucescens,7.0,5.0,4.0,3.0,H,h,sv,csr,,,AD,,OM
Alchemilla glomerulans,7.0,5.0,5.0,4.0,H,h,sv,csr,,,AD,,OM
Alchemilla micans,,,,,H,h,sv,csr,,,AD,,FM
Alchemilla monticola,6.0,4.0,6.0,4.0,H,h,sv,csr,,,AD,,FM
Alchemilla obtusa,,,,,H,h,sv,csr,,,AD,,FM
Alchemilla propinqua,,,,,H,h,sv,csr,,,AD,,FM
Alchemilla straminea,,,,,H,h,sv,csr,,,AD,,FM
Alchemilla subcrenata,7.0,4.0,5.0,5.0,H,h,sv,csr,,,AD,,FM
Alchemilla subglobosa,,,,,H,h,sv,csr,,,AD,,FM
Alchemilla vulgaris,,,,,H,h,sv,csr,,,AD,,FM
Alchemilla xanthochlora,6.0,5.0,6.0,4.0,H,h,sv,csr,,,AD,,OM
Alisma lanceolatum,7.0,10.0,7.0,5.0,A,g,sv,csr,SC,AFXF,AB,wi,FM
Alisma plantago-aquatica,7.0,10.0,7.0,7.0,A,g,sv,csr,SC,AFXF,AB,wi,FM
Alliaria petiolata,5.0,5.0,7.0,8.0,C,h,s,cr,SC,AF,AB,se,NM
Allium ampeloprasum,,,,,G,g,s,csr,,,B,in,OM
Allium cepa,,,,,G,g,s,csr,SC,X,B,se,OM
Allium fistulosum,,,,,G,g,s,csr,,,B,ge,OM
Allium oleraceum,6.0,3.0,7.0,4.0,G,g,vvs,csr,,,B,in,FM
Allium sativum,8.0,5.0,7.0,6.0,G,h,v,csr,,,B,in,OM
Allium schoenoprasum,7.0,6.0,5.0,1.0,G,g,sv,csr,SC,X,B,se,OM
Allium scorodoprasum,6.0,6.0,7.0,7.0,G,h,vvs,csr,,,B,in,OM
Allium sphaerocephalon,8.0,3.0,8.0,2.0,G,r,s,csr,,,B,se,OM
Allium strictum,,,,,G,g,sv,csr,,,B,in,OM
Allium ursinum,2.0,6.0,7.0,7.0,G,r,ssv,csr,SC,AF,B,se,OM
Allium victorialis,,,,,H,r,sv,csr,,,B,ge,OM
Allium vineale,5.0,4.0,7.0,6.0,G,r,vvs,c,,,B,in,OM
Alnus glutinosa,-5.0,8.0,6.0,6.0,M,r,ssv,c,I+,X,W,wi,FM
Alnus incana,-6.0,7.0,6.0,6.0,M,r,sv,c,SI,X,W,wi,OM
Alopecurus aequalis,8.0,9.0,4.0,7.0,H,h,sv,sr,SC,AF,W,wi,NM
Alopecurus arundinaceus,,,,,H,h,sv,cs,SC,XF,W,wi,OM
Alopecurus geniculatus,8.0,7.0,6.0,6.0,H,h,sv,csr,SC,XF,W,wi,OM
Alopecurus myosuroides,6.0,5.0,7.0,6.0,H,h,s,r,I+,X,W,wi,OM
Alopecurus pratensis,6.0,5.0,6.0,7.0,H,r,sv,c,SI,X,W,wi,OM
Althaea officinalis,6.0,7.0,8.0,4.0,H,h,s,cs,SC,AFXF,B,se,OM
Alyssum alyssoides,9.0,3.0,8.0,1.0,H,r,s,sr,SC,XF,AB,se,NM
Alyssum montanum,,,,,C,r,s,csr,,,AB,se,NM
Amaranthus blitum,8.0,4.0,7.0,8.0,T,r,s,cr,SC,AF,W,wi,OM
Amaranthus caudatus,,,,,T,r,s,cr,SC,AF,W,wi,FM
Amaranthus emarginatus,,,,,T,r,s,cr,SC,AF,W,wi,OM
Amaranthus graecizans,9.0,3.0,7.0,8.0,T,r,s,cr,SC,AF,W,wi,NM
Amaranthus hypochondriacus,8.0,4.0,7.0,7.0,T,r,s,cr,SC,AF,W,wi,OM
Amaranthus powellii,8.0,4.0,7.0,6.0,T,r,s,cr,SC,AF,W,wi,NM
Amaranthus retroflexus,8.0,4.0,7.0,7.0,T,r,s,cr,SC,AF,W,wi,FM
Ambrosia artemisiifolia,9.0,4.0,7.0,6.0,T,r,s,cr,SC,AFXF,W,wi,OM
Ambrosia trifida,8.0,5.0,7.0,7.0,T,r,s,cr,C+,AFXF,W,wi,OM
Amelanchier ovalis,,,,,N,r,ssv,c,SC,XF,A,se,OM
Amelanchier spicata,,,,,N,r,sv,c,SC,XF,A,se,OM
Ammophila arenaria,9.0,4.0,6.0,3.0,G,h,vvs,cs,I+,X,W,wi,FM
Amorpha fruticosa,,,,,N,r,s,c,,,H,se,FM
Anacamptis pyramidalis,7.0,3.0,8.0,2.0,G,h,s,csr,SC,X,F,in,OM
Anagallis arvensis,6.0,4.0,6.0,5.0,T,r,s,r,SC,AF,Po,se,OM
Anagallis tenella,8.0,8.0,5.0,3.0,H,r,sv,csr,,,Po,in,OM
Anaphalis margaritacea,6.0,5.0,5.0,5.0,H,r,sv,,,X,B`,in,FM
Anchusa officinalis,8.0,3.0,7.0,5.0,H,h,s,cs,SC,X,H,se,OM
Andromeda polifolia,9.0,9.0,1.0,1.0,S,r,vvs,cs,SC,AFXF,B,se,OM
Androsace obtusifolia,,,,,C,g,s,csr,SC,AFXF,B,se,OM
Androsace septentrionalis,,,,,H,g,s,sr,SC,AFXF,B,se,FM
Anemone narcissiflora,,,,,G,g,sv,csr,,,Po,se,OM
Anemone nemorosa,4.0,5.0,5.0,4.0,G,r,vvs,csr,I+,XF,Po,se,FM
Anemone ranunculoides,3.0,6.0,7.0,7.0,G,r,sv,csr,,,Po,se,OM
Anemone sylvestris,,,,,H,h,sv,cs,,,Po,se,OM
Anethum graveolens,8.0,5.0,7.0,7.0,T,h,s,cr,SC,AFXF,A,se,OM
Angelica archangelica,7.0,9.0,6.0,7.0,H,h,s,cs,SC,XF,A,in,OM
Angelica sylvestris,6.0,8.0,6.0,4.0,H,h,s,c,SC,XF,A,in,OM
Antennaria dioica,8.0,4.0,3.0,2.0,C,h,sv,csr,,X,B`,in,OM
Anthemis arvensis,7.0,4.0,5.0,6.0,H,h,s,cr,SI,X,B`,in,OM
Anthemis cotula,7.0,4.0,6.0,5.0,H,h,s,cr,I+,X,B`,in,OM
Anthemis tinctoria,,,,,H,h,s,cs,,,B`,in,OM
Anthericum ramosum,,,,,H,h,sv,csr,SC,XF,A,in,FM
Anthoxanthum odoratum,7.0,5.0,4.0,3.0,H,h,sv,csr,C+,X,W,wi,FM
Anthriscus cerefolium,6.0,5.0,7.0,8.0,H,h,s,cr,SC,AFXF,A,in,OM
Anthriscus sylvestris,6.0,5.0,7.0,7.0,H,h,ssv,c,SC,XF,A,ge,FM
Anthyllis vulneraria,8.0,3.0,7.0,2.0,H,h,s,csr,SC,X,H,se,FM
Antirrhinum majus,7.0,3.0,7.0,5.0,C,r,s,cs,SC,XF,Hh,se,OM
Apera spica-venti,6.0,4.0,4.0,5.0,H,h,s,cr,SC,X,W,wi,FM
Aphanes arvensis,6.0,4.0,4.0,4.0,H,h,s,r,SC,AF,A,se,OM
Apium graveolens,8.0,8.0,7.0,7.0,H,h,s,cs,SC,AF,A,se,OM
Apium nodiflorum,7.0,10.0,7.0,7.0,H,h,sv,cs,SC,XF,A,in,NM
Aquilegia vulgaris,6.0,4.0,6.0,4.0,H,h,s,c,,AF,H,se,FM
Arabidopsis thaliana,6.0,3.0,4.0,2.0,H,h,s,r,SC,AO,AB,se,FM
Arabis alpina,7.0,5.0,7.0,3.0,C,h,s,csr,SC,AFXF,AB,se,NM
Arabis caerulea,,,,,H,h,s,csr,SC,AF,AB,se,NM
Arabis glabra,,,,,H,h,s,csr,SC,AO,AB,se,NM
Arabis hirsuta,7.0,4.0,7.0,3.0,H,h,s,csr,SC,AF,AB,se,NM
Arctium lappa,8.0,5.0,7.0,8.0,H,h,s,c,SC,AF,B`,se,FM
Arctium minus,5.0,4.0,7.0,5.0,H,h,s,c,SC,AF,B`,se,OM
Arctium nemorosum,,,,,H,h,s,c,SC,AF,B`,se,OM
Arctostaphylos uva-ursi,6.0,3.0,2.0,2.0,S,r,sv,cs,SC,AO,Hh,se,OM
Arenaria serpyllifolia,8.0,3.0,6.0,4.0,H,r,s,r,SC,AO,AB,se,NM
Armeria arenaria,,,,,C,g,s,csr,I+,X,B`,se,OM
Armeria maritima,8.0,7.0,5.0,5.0,C,g,ssv,csr,I+,X,B`,se,FM
Armoracia rusticana,8.0,5.0,7.0,7.0,G,h,v,c,SI,X,AB,se,FM
Arnica montana,,,,,H,h,sv,csr,I+,X,B`,se,OM
Arrhenatherum elatius,7.0,5.0,7.0,7.0,H,h,ssv,c,I+,X,W,wi,FM
Artemisia absinthium,7.0,4.0,7.0,7.0,S,r,sv,cs,,,Wb,wi,FM
Artemisia annua,9.0,4.0,7.0,6.0,T,h,s,cr,,,Wb,wi,OM
Artemisia campestris,8.0,2.0,5.0,2.0,C,h,s,cs,,,Wb,wi,OM
Artemisia dracunculus,8.0,3.0,6.0,6.0,H,r,sv,c,,,Wb,wi,OM
Artemisia maritima,9.0,7.0,8.0,6.0,C,r,ssv,cs,,,Wb,wi,FM
Artemisia pontica,,,,,H,r,sv,cs,,,Wb,wi,OM
Artemisia rupestris,,,,,C,h,sv,cs,,,Wb,wi,OM
Artemisia scoparia,,,,,H,h,s,cr,,,Wb,wi,OM
Artemisia umbelliformis,,,,,H,h,s,csr,,,Wb,wi,OM
Artemisia vulgaris,7.0,4.0,6.0,7.0,H,h,s,c,,,Wb,wi,FM
Arum maculatum,3.0,5.0,7.0,7.0,G,g,sv,csr,,XF,Dke,in,OM
Asarum europaeum,3.0,5.0,7.0,6.0,H,r,sv,cs,SC,AO,Dke,se,FM
Asclepias syriaca,,,,,G,r,sv,c,SI,X,Dkl,in,OM
Asparagus officinalis,6.0,3.0,6.0,4.0,G,r,sv,cs,,X,B,wi,OM
Asperugo procumbens,7.0,4.0,8.0,8.0,T,h,s,cr,SC,AO,B,se,OM
Asperula cynanchica,7.0,3.0,8.0,2.0,H,r,s,csr,SC,AF,B,se,OM
Asplenium adiantum-nigrum,6.0,4.0,2.0,3.0,H,g,s,csr,SC,AO,,,FM
Asplenium billotii,,,,,H,g,s,csr,,,,,NM
Asplenium ruta-muraria,7.0,3.0,7.0,2.0,H,g,s,csr,SC,I,,,FM
Asplenium septentrionale,8.0,2.0,2.0,2.0,H,g,s,csr,SC,I,,,FM
Asplenium trichomanes,5.0,3.0,6.0,2.0,H,g,s,csr,SC,I,,,FM
Asplenium viride,,,,,H,g,s,csr,,XF,,,FM
Aster alpinus,,,,,H,h,sv,csr,,,B`,ge,FM
Aster amellus,,,,,H,h,sv,cs,,,B`,se,OM
Aster bellidiastrum,,,,,H,g,sv,csr,,,B`,ge,OM
Aster laevis,,,,,H,h,sv,c,SI,X,B`,ge,OM
Aster lanceolatus,,,,,H,h,sv,c,,,B`,ge,OM
Aster novae-angliae,7.0,5.0,7.0,6.0,H,h,sv,c,SI,X,B`,ge,OM
Aster novi-belgii,7.0,6.0,7.0,6.0,H,h,sv,c,SI,X,B`,ge,OM
Aster tripolium,9.0,8.0,7.0,6.0,H,h,sv,cs,,,B`,se,OM
Astragalus alpinus,9.0,4.0,6.0,2.0,H,r,s,csr,SC,,Hh,in,NM
Astragalus cicer,7.0,4.0,8.0,2.0,H,r,sv,c,SC,,H,se,OM
Astragalus danicus,8.0,3.0,8.0,2.0,H,r,sv,csr,,,H,in,OM
Astragalus frigidus,,,,,G,r,sv,cs,,,H,se,NM
Astragalus glycyphyllos,6.0,4.0,7.0,3.0,H,r,s,c,,,Hh,in,NM
Astragalus onobrychis,,,,,H,r,s,cs,,,H,in,OM
Astragalus penduliflorus,,,,,H,r,s,cs,,,H,in,OM
Astrantia major,5.0,6.0,7.0,5.0,H,h,sv,cs,SC,AFXF,B`,ge,FM
Athyrium distentifolium,5.0,6.0,5.0,6.0,H,g,s,cs,,,,,FM
Athyrium filix-femina,3.0,6.0,5.0,6.0,H,g,sv,cs,I+,X,,,FM
Atriplex glabriuscula,9.0,6.0,7.0,8.0,T,r,s,cs,SC,AFXF,Wb,wi,NM
Atriplex hortensis,7.0,5.0,7.0,8.0,T,r,s,cr,SC,AFXF,Wb,wi,NM
Atriplex littoralis,9.0,6.0,7.0,6.0,T,r,s,s,SC,AFXF,Wb,wi,FM
Atriplex patula,6.0,5.0,7.0,7.0,T,r,s,cr,SC,XF,Wb,wi,OM
Atriplex prostrata,8.0,6.0,7.0,7.0,T,r,s,s,SC,AF,Wb,wi,NM
Atriplex rosea,,,,,T,r,s,cr,SC,AFXF,Wb,wi,NM
Atriplex sagittata,,,,,T,r,s,cr,SC,AFXF,Wb,wi,FM
Avena fatua,6.0,4.0,7.0,7.0,T,h,s,cr,SC,AF,W,wi,OM
Avena nuda,,,,,T,h,s,cr,SC,AO,W,se,OM
Avena sativa,8.0,5.0,6.0,7.0,T,h,s,cr,SC,AO,W,wi,FM
Avena sterilis,7.0,5.0,7.0,7.0,T,h,s,,SC,AO,W,wi,OM
Azolla filiculoides,6.0,11.0,6.0,8.0,A,r,sv,,,X,,,NM
Baldellia ranunculoides,8.0,10.0,6.0,2.0,A,g,sv,,SC,X,AB,se,OM
Ballota nigra,7.0,4.0,7.0,6.0,C,r,s,c,SC,AFXF,H,se,FM
Barbarea vulgaris,7.0,6.0,6.0,6.0,H,h,ssv,cr,SC,XF,AB,se,NM
Bartsia alpina,8.0,8.0,7.0,2.0,G,r,sv,csr,SC,AFXF,Hh,wi,FM
Bassia scoparia,8.0,4.0,6.0,6.0,T,r,s,cr,SC,XF,W,wi,NM
Beckmannia syzigachne,7.0,9.0,7.0,3.0,T,h,s,cr,,,W,wi,OM
Bellis perennis,8.0,5.0,5.0,4.0,H,g,sv,csr,SC,AO,B`,se,FM
Berberis thunbergii,,,,,N,r,s,c,SC,X,ABDe,se,OM
Berberis vulgaris,7.0,4.0,8.0,3.0,N,r,s,c,SC,X,ABDe,se,OM
Berteroa incana,9.0,3.0,6.0,4.0,H,h,s,csr,SI,X,AB,se,NM
Berula erecta,7.0,10.0,7.0,6.0,A,r,sv,cs,SC,AFXF,A,se,FM
Beta vulgaris,9.0,5.0,7.0,8.0,H,h,s,cs,SI,X,Wb,wi,OM
Betonica officinalis,6.0,4.0,5.0,3.0,H,r,sv,c,SC,AF,H,se,OM
Betula humilis,,,,,N,r,s,cs,SI,X,W,wi,OM
Betula nana,7.0,8.0,1.0,1.0,N,r,vvs,cs,I+,X,W,wi,OM
Betula pendula,-7.0,5.0,4.0,3.0,M,r,s,c,SI,X,W,wi,OM
Betula pubescens,-7.0,7.0,3.0,3.0,M,r,s,cs,SI,X,W,wi,OM
Bidens frondosa,,,,,T,r,s,cr,SC,AO,B`,se,OM
Bidens tripartita,8.0,8.0,7.0,7.0,T,r,s,cr,SC,AF,B`,se,FM
Biscutella laevigata,,,,,H,h,ssv,csr,SI,X,AB,in,FM
Bistorta officinalis,,,,,H,h,sv,cs,,,B`,ge,FM
Bistorta vivipara,,,,,H,h,vvs,csr,,,B,se,FM
Blackstonia perfoliata,8.0,5.0,8.0,2.0,T,r,s,sr,SC,AO,B,se,FM
Blechnum spicant,3.0,6.0,2.0,3.0,H,g,s,cs,,X,,,FM
Blysmus rufus,8.0,8.0,7.0,4.0,G,h,sv,csr,SC,AFXF,W,wi,OM
Bolboschoenus maritimus,8.0,10.0,8.0,7.0,G,h,sv,cs,SI,X,W,wi,OM
Borago officinalis,8.0,4.0,7.0,6.0,H,h,s,cr,I+,X,H,se,FM
Bothriochloa ischaemum,,,,,H,h,sv,csr,,,W,wi,OM
Botrychium lunaria,8.0,4.0,5.0,2.0,G,r,s,s,,,,,OM
Botrychium multifidum,,,,,G,r,s,csr,,,,,OM
Botrychium simplex,,,,,G,r,s,csr,,,,,OM
Botrychium virginianum,,,,,G,r,s,csr,,,,,OM
Brachypodium pinnatum,6.0,3.0,7.0,3.0,H,h,sv,cs,,,W,wi,FM
Brachypodium rupestre,,,,,H,h,sv,cs,,,W,wi,OM
Brachypodium sylvaticum,3.0,5.0,6.0,5.0,H,r,sv,cs,SC,X,W,wi,OM
Brassica juncea,,,,,T,h,s,cr,SC,,AB,se,NM
Brassica napus,7.0,4.0,7.0,7.0,T,h,s,cr,C+,AFXF,AB,se,FM
Brassica nigra,8.0,5.0,7.0,6.0,T,h,s,cr,I+,X,AB,se,NM
Brassica oleracea,8.0,4.0,7.0,8.0,C,h,s,cr,I+,X,AB,in,FM
Brassica rapa,7.0,5.0,7.0,6.0,T,h,s,cr,I+,X,AB,se,NM
Briza media,8.0,5.0,5.0,2.0,H,h,sv,csr,I+,X,W,wi,FM
Bromus arvensis,6.0,4.0,8.0,4.0,H,h,s,cr,SC,AO,W,se,OM
Bromus benekenii,,,,,H,h,sv,cs,,,W,wi,OM
Bromus carinatus,,,,,H,h,sv,cr,SC,AF,W,wi,OM
Bromus catharticus,,,,,H,h,sv,cr,SC,AO,W,se,OM
Bromus erectus,,,,,H,h,sv,cs,SI,X,W,wi,OM
Bromus hordeaceus,7.0,4.0,6.0,3.0,H,h,s,cr,SC,AO,W,wi,FM
Bromus inermis,,,,,H,h,sv,c,I+,X,W,wi,OM
Bromus japonicus,8.0,4.0,8.0,3.0,H,h,s,r,SC,AO,W,se,OM
Bromus madritensis,,,,,H,h,s,cr,SC,AF,W,se,OM
Bromus racemosus,6.0,6.0,5.0,5.0,T,h,s,cr,SC,AFXF,W,wi,OM
Bromus secalinus,6.0,4.0,5.0,4.0,H,h,s,cr,SC,AO,W,wi,OM
Bromus squarrosus,,,,,H,h,s,cr,SC,AO,W,se,OM
Bromus sterilis,,,,,H,h,s,cr,SC,AO,W,se,FM
Bromus tectorum,,,,,H,h,s,r,SC,AO,W,wi,FM
Bryonia dioica,7.0,5.0,7.0,6.0,H,r,s,c,SC,X,B,in,OM
Buddleja davidii,7.0,4.0,7.0,4.0,N,r,s,c,,,F,in,FM
Buglossoides arvensis,,,,,H,h,s,cr,SC,AF,B,se,NM
Bunias orientalis,7.0,5.0,7.0,5.0,H,h,sv,c,SC,AFXF,AB,se,FM
Bupleurum falcatum,6.0,3.0,8.0,3.0,H,h,s,csr,SC,XF,A,in,OM
Bupleurum longifolium,,,,,H,h,sv,c,SC,XF,A,in,OM
Butomus umbellatus,6.0,10.0,7.0,7.0,A,g,vvs,cs,SC,AFXF,AB,in,NM
Buxus sempervirens,4.0,4.0,8.0,4.0,N,r,s,cs,,,A,wi,OM
Cakile maritima,9.0,6.0,7.0,7.0,T,r,s,s,SI,X,B,se,FM
Calamagrostis arundinacea,,,,,H,h,sv,c,SI,X,W,wi,OM
Calamagrostis canescens,6.0,9.0,5.0,5.0,H,h,sv,cs,SI,X,W,wi,FM
Calamagrostis epigejos,7.0,5.0,6.0,6.0,G,h,sv,c,SI,X,W,wi,FM
Calamagrostis stricta,8.0,9.0,4.0,2.0,H,h,sv,cs,SI,X,W,wi,OM
Calamagrostis varia,,,,,H,h,sv,cs,SI,X,W,wi,OM
Calamagrostis villosa,,,,,H,h,sv,c,SI,X,W,wi,OM
Calamintha nepeta,,,,,H,r,sv,c,SC,XF,H,in,OM
Calendula officinalis,8.0,5.0,7.0,7.0,H,h,s,cr,SI,X,B`,in,FM
Calla palustris,6.0,10.0,6.0,4.0,G,h,sv,cs,,,D,se,NM
Callistephus chinensis,,,,,T,h,s,r,SC,AF,B`,ge,OM
Callitriche cophocarpa,,,,,A,r,vvs,,SC,AFXF,W,wi,NM
Callitriche hamulata,,,,,A,r,sv,,SC,AF,W,wi,FM
Callitriche palustris,,,,,A,r,sv,,SC,AO,W,wi,NM
Callitriche stagnalis,6.0,10.0,4.0,4.0,A,r,sv,,SC,AF,W,wi,NM
Calluna vulgaris,7.0,5.0,1.0,1.0,N,r,ssv,cs,I+,XF,BHb,wi,OM
Caltha palustris,6.0,9.0,5.0,4.0,H,h,sv,csr,SI,X,AB,in,FM
Calystegia sepium,7.0,6.0,7.0,7.0,G,r,sv,c,SC,AFXF,Fn,se,OM
Calystegia soldanella,9.0,4.0,7.0,4.0,H,r,sv,cs,SI,X,B,in,NM
Camelina microcarpa,7.0,4.0,8.0,4.0,T,h,s,sr,SC,AFXF,AB,se,FM
Campanula alpina,,,,,H,h,s,csr,SI,X,Hb,se,OM
Campanula cervicaria,,,,,H,h,s,csr,I+,X,Hb,se,OM
Campanula glomerata,7.0,4.0,7.0,3.0,H,h,sv,csr,SI,X,Hb,se,OM
Campanula latifolia,4.0,5.0,7.0,6.0,H,h,sv,cs,SI,X,Hb,in,OM
Campanula patula,7.0,5.0,6.0,5.0,H,h,s,csr,SI,X,Hb,se,OM
Campanula persicifolia,5.0,4.0,7.0,3.0,H,h,sv,csr,C+,X,Hb,in,FM
Campanula rapunculoides,6.0,4.0,7.0,4.0,H,h,sv,csr,I+,X,Hb,in,OM
Campanula rotundifolia,7.0,4.0,4.0,2.0,H,h,s,csr,I+,X,Hb,in,OM
Campanula scheuchzeri,,,,,H,h,s,csr,C+,X,Hb,in,OM
Campanula sibirica,,,,,H,h,s,csr,SI,X,Hb,in,OM
Campanula thyrsoides,,,,,H,h,s,csr,SI,X,Hb,in,OM
Campanula trachelium,4.0,5.0,7.0,6.0,H,h,sv,cs,SI,X,Hb,in,FM
Cannabis sativa,7.0,6.0,6.0,7.0,T,r,s,cr,,X,W,wi,OM
Capsella bursa-pastoris,7.0,5.0,6.0,6.0,H,h,s,r,SC,AO,AB,se,FM
Caragana arborescens,,,,,N,r,s,c,C+,X,H,in,OM
Cardamine amara,5.0,9.0,6.0,4.0,H,r,sv,csr,I+,XF,AB,se,NM
Cardamine flexuosa,5.0,7.0,4.0,5.0,H,h,s,csr,SC,AO,AB,se,FM
Cardamine hirsuta,6.0,5.0,5.0,6.0,H,h,sv,csr,SC,AF,AB,se,FM
Cardamine impatiens,4.0,5.0,7.0,7.0,H,h,sv,csr,,,AB,in,NM
Cardamine pratensis,4.0,6.0,5.0,4.0,H,h,vvs,csr,SI,X,B,se,NM
Cardamine trifolia,3.0,6.0,7.0,7.0,G,r,sv,csr,,,AB,se,NM
Cardaminopsis arenosa,,,,,H,h,s,csr,SI,X,AB,in,OM
Cardaria draba,,,,,H,h,sv,csr,SC,,AB,se,NM
Carduus acanthoides,,,,,H,h,s,cr,SC,AFXF,B`,se,OM
Carduus nutans,7.0,4.0,8.0,5.0,H,h,s,cr,SC,AFXF,B`,se,OM
Carex acuta,7.0,9.0,6.0,4.0,G,h,sv,cs,SI,X,W,wi,NM
Carex acutiformis,6.0,9.0,7.0,5.0,G,g,sv,cs,SC,XF,W,wi,NM
Carex alba,,,,,G,g,sv,csr,SC,XF,W,wi,NM
Carex aquatilis,8.0,10.0,4.0,3.0,G,h,sv,cs,SI,X,W,wi,NM
Carex arenaria,8.0,3.0,5.0,2.0,G,h,vvs,cs,SC,AFXF,W,wi,FM
Carex atherodes,,,,,G,h,sv,cs,SC,AFXF,W,wi,FM
Carex atrata,7.0,5.0,4.0,2.0,H,g,sv,cs,SC,XF,W,wi,NM
Carex bigelowii,7.0,5.0,1.0,2.0,G,h,sv,csr,SC,XF,W,wi,NM
Carex brizoides,,,,,G,h,sv,csr,SC,AFXF,W,wi,NM
Carex brunnescens,,,,,H,h,sv,cs,SC,AFXF,W,wi,FM
Carex buxbaumii,7.0,8.0,7.0,2.0,G,h,sv,cs,SC,X,W,wi,FM
Carex canescens,,,,,H,g,sv,csr,SC,XF,W,wi,NM
Carex capillaris,8.0,6.0,7.0,2.0,H,h,sv,cs,SC,AFXF,W,wi,NM
Carex capitata,,,,,H,h,sv,csr,SC,AO,W,wi,NM
Carex caryophyllea,7.0,4.0,6.0,2.0,G,g,sv,csr,SC,XF,W,wi,NM
Carex cespitosa,,,,,H,h,sv,cs,SI,X,W,wi,NM
Carex chordorrhiza,9.0,9.0,3.0,2.0,G,h,sv,s,SC,XF,W,wi,NM
Carex davalliana,,,,,H,h,sv,csr,SC,X,W,wi,OM
Carex diandra,8.0,9.0,5.0,3.0,G,h,sv,csr,SC,XF,W,wi,NM
Carex digitata,3.0,5.0,6.0,4.0,H,g,ssv,csr,SC,AFXF,W,wi,NM
Carex dioica,8.0,9.0,5.0,2.0,G,g,sv,cs,SC,X,W,wi,NM
Carex distans,8.0,6.0,7.0,5.0,H,h,sv,cs,SC,XF,W,wi,NM
Carex disticha,7.0,8.0,6.0,4.0,G,r,sv,csr,SC,XF,W,wi,FM
Carex divulsa,,,,,H,g,sv,cs,SC,XF,W,wi,OM
Carex echinata,7.0,8.0,3.0,2.0,H,g,sv,csr,SC,XF,W,wi,NM
Carex elongata,4.0,8.0,6.0,6.0,H,g,sv,cs,SC,XF,W,wi,NM
Carex ericetorum,,,,,G,g,sv,csr,SC,AF,W,wi,NM
Carex firma,,,,,H,g,sv,s,SC,AFXF,W,wi,NM
Carex flacca,7.0,5.0,6.0,2.0,G,h,vvs,csr,SC,AFXF,W,wi,FM
Carex flava,7.0,9.0,7.0,2.0,H,h,sv,csr,SC,AF,W,wi,FM
Carex fuliginosa,,,,,H,h,sv,csr,SC,AFXF,W,wi,NM
Carex halleriana,,,,,H,r,sv,csr,SC,AFXF,W,wi,NM
Carex heleonastes,,,,,H,h,sv,s,SC,AFXF,W,wi,NM
Carex hirta,7.0,6.0,6.0,5.0,G,h,sv,c,SC,XF,W,wi,FM
Carex hostiana,8.0,9.0,6.0,2.0,H,h,sv,cs,SC,AFXF,W,wi,NM
Carex humilis,7.0,2.0,8.0,2.0,H,g,ssv,csr,SC,AFXF,W,wi,NM
Carex lasiocarpa,8.0,10.0,4.0,2.0,A,h,sv,cs,SC,XF,W,wi,FM
Carex lepidocarpa,,,,,H,h,sv,cs,SC,AF,W,wi,NM
Carex limosa,8.0,10.0,2.0,1.0,H,h,sv,s,SC,XF,W,wi,NM
Carex loliacea,,,,,G,h,sv,,SC,AFXF,W,wi,NM
Carex melanostachya,,,,,G,r,sv,cs,SC,AFXF,W,wi,NM
Carex montana,5.0,4.0,4.0,1.0,H,h,ssv,csr,SC,XF,W,wi,NM
Carex muricata,5.0,4.0,6.0,4.0,H,g,ssv,c,SC,XF,W,wi,FM
Carex nigra,7.0,8.0,3.0,2.0,G,h,sv,s,SI,X,W,wi,FM
Carex obtusata,,,,,H,h,sv,csr,SC,AFXF,W,wi,NM
Carex otrubae,6.0,8.0,7.0,6.0,H,h,sv,cs,SC,AFXF,W,wi,NM
Carex ovalis,,,,,H,h,sv,csr,SC,XF,W,wi,OM
Carex pallescens,6.0,6.0,4.0,3.0,H,h,sv,csr,SC,AFXF,W,wi,FM
Carex panicea,8.0,8.0,4.0,2.0,G,h,sv,csr,SC,AFXF,W,wi,FM
Carex paniculata,6.0,9.0,6.0,4.0,H,h,sv,cs,SC,XF,W,wi,NM
Carex pendula,5.0,8.0,6.0,6.0,H,h,sv,cs,SC,XF,W,wi,NM
Carex pilosa,,,,,H,h,sv,cs,SC,AFXF,W,wi,NM
Carex pilulifera,5.0,5.0,3.0,2.0,H,h,sv,csr,SC,XF,W,wi,NM
Carex praecox,,,,,G,h,sv,csr,SC,XF,W,wi,NM
Carex pseudocyperus,7.0,9.0,6.0,5.0,A,h,sv,cs,SC,XF,W,wi,NM
Carex pulicaris,8.0,7.0,4.0,2.0,H,h,sv,csr,SC,XF,W,wi,NM
Carex remota,3.0,8.0,6.0,6.0,H,h,sv,cs,SC,XF,W,wi,FM
Carex riparia,6.0,9.0,7.0,4.0,A,g,sv,cs,SC,XF,W,wi,NM
Carex rostrata,8.0,10.0,3.0,2.0,H,h,sv,cs,SC,XF,W,wi,NM
Carex rupestris,8.0,4.0,6.0,2.0,H,h,sv,csr,SC,AFXF,W,wi,NM
Carex sempervirens,,,,,H,h,sv,cs,SC,AFXF,W,wi,FM
Carex spicata,7.0,4.0,6.0,4.0,H,g,ssv,cs,SC,AFXF,W,wi,NM
Carex supina,,,,,G,h,sv,csr,SC,AFXF,W,wi,NM
Carex sylvatica,2.0,5.0,6.0,5.0,H,h,sv,csr,SC,XF,W,wi,NM
Carex tomentosa,,,,,G,h,sv,csr,SC,AFXF,W,wi,NM
Carex umbrosa,,,,,H,h,sv,cs,SC,XF,W,wi,NM
Carex vaginata,7.0,6.0,4.0,2.0,G,h,sv,s,SC,XF,W,wi,NM
Carex vesicaria,7.0,10.0,5.0,4.0,A,h,sv,cs,SC,XF,W,wi,FM
Carex vulpina,7.0,8.0,6.0,5.0,H,h,sv,csr,SC,XF,W,wi,NM
Carex vulpinoidea,,,,,H,h,sv,cs,SC,AFXF,W,wi,OM
Carlina vulgaris,7.0,4.0,7.0,2.0,H,h,s,csr,,,B`,se,OM
Carpinus betulus,-4.0,5.0,5.0,5.0,M,r,ssv,c,,,W,wi,OM
Carthamus tinctorius,,,,,T,h,s,cr,SC,AF,B`,se,OM
Carum carvi,8.0,5.0,6.0,6.0,H,h,s,c,SC,XF,A,in,OM
Castanea sativa,-5.0,5.0,4.0,4.0,M,r,s,c,SC,X,W,wi,OM
Catabrosa aquatica,6.0,9.0,7.0,7.0,H,h,sv,cs,,,W,wi,NM
Catapodium rigidum,8.0,2.0,7.0,1.0,H,h,s,r,SC,AF,W,wi,OM
Celosia argentea,,,,,T,r,s,r,SC,AFXF,W,wi,NM
Centaurea cyanus,7.0,5.0,4.0,5.0,H,h,s,cr,,,B`,in,OM
Centaurea diffusa,,,,,T,h,s,r,SC,XF,B`,in,OM
Centaurea jacea,,,,,H,h,s,c,SI,X,B`,in,OM
Centaurea nigra,7.0,5.0,3.0,4.0,H,h,ssv,c,I+,X,B`,in,OM
Centaurea phrygia,,,,,H,h,ssv,c,,,B`,in,FM
Centaurea pseudophrygia,,,,,H,h,ssv,c,,,B`,in,OM
Centaurea scabiosa,7.0,3.0,8.0,3.0,H,h,ssv,c,SI,X,B`,in,OM
Centaurea solstitialis,8.0,3.0,7.0,6.0,H,h,s,cr,I+,X,B`,in,OM
Centaurea stoebe,,,,,H,h,s,csr,SC,XF,B`,in,OM
Centaurium erythraea,8.0,5.0,6.0,3.0,H,h,s,sr,SC,AF,B,se,OM
Centaurium littorale,8.0,7.0,8.0,3.0,H,h,s,s,SC,AFXF,B,se,OM
Centaurium pulchellum,8.0,7.0,8.0,3.0,T,r,s,sr,SC,AF,B,se,OM
Centranthus ruber,7.0,3.0,8.0,5.0,H,r,s,cs,SC,XF,F,in,NM
Cephalanthera damasonium,3.0,4.0,7.0,4.0,G,r,sv,csr,SC,AF,Hb,se,OM
Cephalanthera longifolia,5.0,4.0,6.0,4.0,G,r,sv,csr,SC,AFXF,Hb,in,OM
Cephalanthera rubra,4.0,3.0,8.0,4.0,G,r,sv,csr,SC,AFXF,Hb,se,OM
Cerastium alpinum,9.0,5.0,6.0,2.0,C,r,sv,csr,SC,AFXF,AB,se,NM
Cerastium arvense,8.0,4.0,5.0,3.0,C,r,sv,cr,SC,X,AB,se,FM
Cerastium cerastoides,8.0,8.0,5.0,4.0,C,r,sv,s,SC,AFXF,AB,se,NM
Cerastium fontanum,6.0,5.0,5.0,4.0,C,r,sv,csr,SC,AO,AB,se,FM
Cerastium glomeratum,7.0,5.0,5.0,5.0,H,h,s,r,SC,AO,AB,se,FM
Cerastium glutinosum,,,,,H,h,s,sr,SC,AO,AB,se,FM
Cerastium holosteoides,,,,,C,r,sv,cr,SC,AFXF,AB,se,NM
Cerastium semidecandrum,8.0,3.0,6.0,3.0,H,h,s,r,SC,AO,AB,se,NM
Cerastium uniflorum,,,,,C,r,sv,s,SC,XF,AB,se,FM
Ceratocephala testiculata,,,,,T,g,s,r,SC,AO,AB,se,OM
Ceratophyllum demersum,6.0,12.0,7.0,7.0,A,r,vvs,,SC,AFXF,Hy,wa,NM
Cerinthe glabra,,,,,H,h,sv,c,,,H,se,OM
Ceterach officinarum,,,,,H,g,s,s,,,,,NM
Chaenomeles speciosa,,,,,N,r,ssv,c,SI,X,AB,in,OM
Chaerophyllum aureum,6.0,5.0,7.0,8.0,H,h,sv,c,SC,XF,A,in,OM
Chaerophyllum bulbosum,,,,,G,h,s,c,SC,XF,A,in,OM
Chamaesyce prostrata,,,,,T,r,s,r,SC,XF,A,in,OM
Chamaesyce serpens,,,,,T,r,s,r,SC,XF,A,in,OM
Chelidonium majus,6.0,5.0,7.0,7.0,H,h,s,cr,SC,X,Po,se,NM
Chenopodium album,7.0,4.0,6.0,7.0,T,r,s,cr,SC,AFXF,Wb,wi,FM
Chenopodium ambrosioides,,,,,C,r,s,cr,SC,AFXF,Wb,wi,FM
Chenopodium bonus-henricus,8.0,5.0,7.0,8.0,H,h,s,cr,SC,XF,Wb,wi,NM
Chenopodium botrys,,,,,T,r,s,r,SC,XF,Wb,wi,OM
Chenopodium foliosum,,,,,T,r,s,r,SC,XF,Wb,wi,NM
Chenopodium glaucum,8.0,6.0,7.0,9.0,T,r,s,sr,SC,AFXF,Wb,wi,NM
Chenopodium hybridum,7.0,4.0,7.0,7.0,T,r,s,cr,SC,XF,Wb,wi,NM
Chenopodium murale,8.0,4.0,6.0,7.0,T,r,s,cr,SC,X,Wb,wi,NM
Chenopodium pratericola,,,,,T,r,s,cr,SC,XF,Wb,wi,NM
Chenopodium rubrum,7.0,6.0,7.0,8.0,T,r,s,cr,SC,AFXF,Wb,wi,NM
Chimaphila umbellata,,,,,S,r,sv,csr,SC,AFXF,B,se,OM
Chondrilla juncea,,,,,H,h,ssv,cs,,,B`,,OM
Chrysosplenium alternifolium,3.0,8.0,6.0,5.0,H,h,sv,csr,SC,AFXF,A,se,FM
Chrysosplenium oppositifolium,5.0,9.0,5.0,5.0,H,r,sv,csr,SC,AFXF,A,se,NM
Cicendia filiformis,9.0,8.0,3.0,2.0,T,r,s,sr,,,B,se,OM
Cicerbita alpina,5.0,6.0,6.0,6.0,H,h,sv,c,,,B`,in,FM
Cichorium endivia,,,,,H,h,s,,C+,AFXF,B`,se,OM
Cichorium intybus,8.0,4.0,7.0,5.0,H,h,s,c,SC,X,B`,in,FM
Cicuta virosa,6.0,10.0,5.0,5.0,H,h,sv,cs,SC,AFXF,A,in,FM
Circaea alpina,4.0,7.0,5.0,5.0,G,r,sv,csr,,,Ds,se,OM
Circaea lutetiana,4.0,6.0,7.0,6.0,G,r,sv,cs,SC,AFXF,Ds,se,OM
Cirsium acaule,9.0,4.0,8.0,3.0,H,h,sv,csr,SC,AFXF,B`,se,OM
Cirsium arvense,8.0,5.0,6.0,6.0,G,r,sv,c,SC,X,B`,in,OM
Cirsium canum,,,,,H,h,sv,csr,SC,AFXF,B`,in,OM
Cirsium eriophorum,8.0,4.0,8.0,5.0,H,h,s,c,SC,AFXF,B`,in,OM
Cirsium helenioides,,,,,H,h,sv,c,SC,AFXF,B`,se,OM
Cirsium oleraceum,6.0,7.0,7.0,5.0,H,h,sv,c,SC,AFXF,B`,in,FM
Cirsium palustre,7.0,8.0,4.0,3.0,H,h,s,c,SC,AFXF,B`,in,FM
Cirsium tuberosum,7.0,6.0,8.0,3.0,H,h,sv,c,SC,AFXF,B`,in,OM
Cirsium vulgare,7.0,5.0,6.0,6.0,H,h,s,cr,SC,AFXF,B`,in,FM
Cladium mariscus,8.0,10.0,8.0,3.0,A,h,vvs,cs,SC,AFXF,W,wi,FM
Claytonia perfoliata,6.0,5.0,5.0,5.0,T,g,s,r,SC,AO,A,se,NM
Claytonia sibirica,5.0,7.0,6.0,6.0,T,g,s,r,I+,X,AB,in,OM
Clematis recta,,,,,H,r,sv,c,,,Po,se,OM
Clematis vitalba,6.0,4.0,7.0,5.0,N,r,s,c,,AF,PoDe,se,OM
Clinopodium vulgare,6.0,4.0,7.0,3.0,H,r,sv,cs,SC,XF,H,in,FM
Cochlearia anglica,8.0,8.0,7.0,6.0,H,h,s,r,,,AB,se,FM
Cochlearia danica,9.0,6.0,7.0,5.0,T,h,s,sr,SC,AFXF,AB,se,OM
Cochlearia officinalis,8.0,6.0,7.0,5.0,H,h,s,sr,,,AB,se,FM
Coeloglossum viride,7.0,4.0,4.0,2.0,G,h,s,csr,SC,AFXF,B,in,OM
Coincya monensis,9.0,4.0,6.0,3.0,H,h,s,cr,,,AB,in,NM
Colchicum autumnale,6.0,6.0,6.0,4.0,G,g,sv,csr,SI,X,B,se,OM
Conium maculatum,8.0,5.0,7.0,8.0,H,h,s,cr,SC,XF,A,in,OM
Conopodium majus,6.0,5.0,5.0,5.0,G,h,s,c,SC,XF,A,in,OM
Consolida ajacis,8.0,4.0,7.0,6.0,T,h,s,r,SC,XF,Hh,se,OM
Consolida regalis,,,,,H,h,s,r,SC,X,Hh,in,OM
Convallaria majalis,4.0,4.0,5.0,4.0,G,r,sv,cs,SC,X,PoAB,wi,FM
Convolvulus arvensis,7.0,4.0,7.0,6.0,G,r,vvs,cr,I+,X,B,se,OM
Conyza bonariensis,8.0,4.0,7.0,6.0,T,h,s,cr,SC,AF,B`,se,NM
Conyza canadensis,7.0,4.0,6.0,5.0,H,h,s,cr,SC,AF,B`,se,OM
Corallorrhiza trifida,,,,,G,r,sv,csr,SC,AF,B,se,OM
Coriandrum sativum,,,,,T,r,s,cr,SC,AFXF,A,se,OM
Cornus alba,,,,,M,r,sv,c,SI,X,A,in,OM
Cornus mas,6.0,4.0,8.0,4.0,M,r,s,c,,,A,ge,OM
Cornus sanguinea,6.0,5.0,7.0,5.0,N,r,sv,c,,,A,ge,FM
Cornus sericea,6.0,6.0,7.0,5.0,N,r,sv,c,SI,X,A,in,OM
Cornus suecica,6.0,6.0,1.0,2.0,H,r,sv,cs,,,A,se,OM
Coronopus didymus,,,,,T,g,s,r,SC,AO,AB,se,OM
Cortusa matthioli,,,,,H,g,sv,c,SI,X,AB,in,OM
Corydalis solida,3.0,5.0,7.0,7.0,G,r,s,csr,SI,X,H,in,FM
Corylus avellana,4.0,5.0,6.0,5.0,N,r,ssv,c,SI,X,W,wi,OM
Corynephorus canescens,8.0,1.0,3.0,1.0,H,h,s,cs,SC,AFXF,W,wi,FM
Cosmos bipinnatus,,,,,T,r,s,r,SI,X,B`,in,NM
Cotinus coggygria,,,,,N,r,s,c,SC,X,A,in,OM
Cotoneaster integerrimus,,,,,N,r,sv,c,SC,AF,B,se,OM
Cotoneaster tomentosus,,,,,N,r,sv,c,SC,,B,in,OM
Crassula aquatica,8.0,7.0,4.0,2.0,T,r,sv,sr,SC,AO,AB,se,NM
Crataegus laevigata,5.0,5.0,7.0,5.0,M,r,s,c,I+,XF,ABDe,se,OM
Crataegus monogyna,6.0,4.0,7.0,4.0,M,r,s,c,I+,XF,ABDe,se,OM
Crepis aurea,,,,,H,g,s,csr,,,B`,ge,OM
Crepis biennis,7.0,5.0,6.0,5.0,H,h,s,cr,,,B`,ge,OM
Crepis capillaris,7.0,4.0,6.0,4.0,H,h,s,csr,SI,X,B`,ge,OM
Crepis foetida,9.0,4.0,6.0,3.0,H,h,s,cr,SI,X,B`,se,OM
Crepis mollis,7.0,5.0,5.0,5.0,H,h,s,csr,,,B`,se,OM
Crepis paludosa,5.0,7.0,6.0,4.0,H,h,s,c,SI,X,B`,ge,FM
Crepis praemorsa,6.0,3.0,8.0,3.0,H,g,sv,csr,,,B`,se,OM
Crepis setosa,9.0,4.0,7.0,3.0,T,h,s,r,,,B`,se,OM
Crepis tectorum,8.0,4.0,6.0,5.0,H,h,s,csr,SC,AFXF,B`,se,FM
Crocus albiflorus,,,,,G,g,sv,csr,SC,AFXF,F,se,OM
Crocus vernus,7.0,5.0,5.0,4.0,G,g,sv,csr,I+,X,F,in,OM
Cruciata laevipes,6.0,5.0,6.0,5.0,C,r,sv,csr,,,A,se,FM
Cryptogramma crispa,7.0,5.0,2.0,2.0,H,g,s,cs,,X,,,FM
Cyclamen purpurascens,,,,,G,g,s,csr,SI,X,Po,se,OM
Cydonia oblonga,,,,,M,r,sv,c,C+,X,AB,se,OM
Cymbalaria muralis,6.0,4.0,7.0,5.0,H,r,sv,csr,SC,AFXF,H,in,OM
Cynodon dactylon,8.0,3.0,6.0,5.0,G,h,vvs,cs,SC,AO,W,se,OM
Cynoglossum officinale,8.0,4.0,7.0,6.0,H,h,s,cs,SC,XF,B,se,OM
Cynosurus cristatus,7.0,5.0,6.0,4.0,H,h,s,csr,SI,X,W,wi,OM
Cynosurus echinatus,,,,,T,h,s,r,,,W,wi,FM
Cyperus esculentus,,,,,G,h,vvs,c,SI,X,W,wi,NM
Cyperus flavescens,,,,,T,h,s,r,SC,XF,W,wi,OM
Cyperus fuscus,9.0,7.0,5.0,4.0,T,h,s,sr,SC,AF,W,se,NM
Cypripedium calceolus,5.0,4.0,8.0,4.0,G,r,vvs,c,SI,X,Dkl,in,FM
Cystopteris fragilis,5.0,6.0,6.0,4.0,H,g,s,cs,,,,,FM
Cystopteris montana,5.0,7.0,9.0,2.0,H,r,s,cs,,,,,NM
Cytisus nigricans,6.0,4.0,6.0,2.0,N,r,s,c,,,H,in,OM
Cytisus scoparius,7.0,4.0,3.0,4.0,N,r,s,c,SI,X,H,se,OM
Dactylis glomerata,7.0,5.0,6.0,6.0,H,h,ssv,c,I+,X,W,wi,FM
Dactylis polygama,5.0,5.0,6.0,5.0,H,h,s,cs,SI,X,W,wi,FM
Dactylorhiza fuchsii,6.0,6.0,5.0,3.0,G,h,s,csr,SC,XF,B,in,OM
Dactylorhiza incarnata,8.0,8.0,6.0,2.0,G,h,s,csr,SC,XF,B,in,OM
Dactylorhiza maculata,7.0,7.0,3.0,2.0,G,h,s,csr,SC,XF,BHh,in,OM
Dactylorhiza majalis,,,,,G,h,s,csr,SC,XF,B,in,OM
Dactylorhiza praetermissa,8.0,8.0,7.0,3.0,G,h,s,csr,SC,XF,B,in,OM
Dactylorhiza sambucina,,,,,G,h,s,csr,SC,XF,BH,in,OM
Danthonia alpina,,,,,H,h,sv,cs,SC,AFXF,W,wi,OM
Danthonia decumbens,7.0,5.0,3.0,2.0,H,h,sv,cs,SC,AF,W,wi,OM
Daphne laureola,4.0,5.0,7.0,5.0,N,r,s,c,SC,XF,F,in,OM
Daphne mezereum,4.0,5.0,7.0,5.0,N,r,s,c,SC,X,B,se,FM
Daphne striata,,,,,S,r,sv,cs,,,F,se,OM
Datura stramonium,8.0,4.0,7.0,8.0,T,r,s,cr,SC,AF,Fn,se,OM
Daucus carota,8.0,4.0,6.0,3.0,H,h,s,cr,SC,XF,A,se,FM
Delphinium elatum,,,,,H,h,sv,c,SI,X,Hh,in,OM
Dentaria bulbifera,,,,,G,r,vvs,csr,SI,X,B,in,NM
Deschampsia cespitosa,6.0,6.0,5.0,3.0,H,h,s,c,I+,X,W,wi,FM
Deschampsia flexuosa,6.0,5.0,2.0,3.0,H,h,sv,cs,I+,X,W,wi,OM
Descurainia sophia,8.0,4.0,7.0,6.0,T,h,s,cr,SC,AO,AB,se,NM
Dianthus barbatus,7.0,5.0,6.0,5.0,C,h,s,,SC,XF,F,in,NM
Dianthus carthusianorum,,,,,H,h,sv,csr,SC,XF,Ft,in,FM
Dianthus caryophyllus,,,,,C,h,s,,SI,X,F,in,NM
Dianthus deltoides,8.0,3.0,3.0,2.0,H,r,s,csr,SC,XF,F,in,NM
Dianthus gratianopolitanus,9.0,2.0,6.0,1.0,C,h,sv,csr,SC,XF,F,in,NM
Dianthus plumarius,,,,,H,h,s,,SC,XF,F,in,NM
Dictamnus albus,,,,,H,r,sv,cs,,,H,in,OM
Digitalis grandiflora,,,,,G,h,sv,c,SI,X,Hh,in,OM
Digitalis lanata,,,,,H,h,s,,SI,X,Hh,in,OM
Digitalis lutea,,,,,H,h,s,c,SI,X,Hh,in,OM
Digitalis purpurea,6.0,5.0,3.0,5.0,H,h,s,cr,SI,X,Hh,in,FM
Digitaria ischaemum,7.0,4.0,2.0,3.0,T,h,s,r,,,W,wi,OM
Digitaria sanguinalis,7.0,3.0,5.0,5.0,T,h,s,r,SC,AF,W,wi,OM
Diphasiastrum alpinum,7.0,5.0,2.0,2.0,C,r,sv,csr,,,,,FM
Diphasiastrum complanatum,5.0,4.0,1.0,2.0,C,r,sv,csr,,,,,NM
Diplotaxis muralis,8.0,4.0,7.0,5.0,T,h,s,csr,SC,AF,AB,se,FM
Dipsacus fullonum,8.0,6.0,7.0,7.0,H,h,s,cr,SC,XF,B`,se,FM
Dorycnium hirsutum,,,,,S,r,s,cs,,,H,in,NM
Draba fladnizensis,,,,,C,h,s,s,SC,AF,AB,se,NM
Draba nemorosa,,,,,T,h,s,r,SC,,AB,se,NM
Draba siliquosa,,,,,C,h,s,s,SC,,AB,se,NM
Dracocephalum ruyschiana,,,,,C,r,sv,csr,SC,XF,Hh,in,OM
Drosera intermedia,8.0,9.0,2.0,1.0,H,h,sv,s,SC,AO,AB,se,FM
Drosera longifolia,8.0,9.0,3.0,2.0,H,h,sv,s,SC,AO,AB,wi,NM
Drosera rotundifolia,8.0,9.0,1.0,1.0,H,h,sv,s,SC,AO,AB,se,FM
Dryas octopetala,8.0,4.0,7.0,2.0,S,r,sv,s,I+,X,B,in,OM
Dryopteris carthusiana,5.0,6.0,4.0,3.0,H,g,sv,cs,,,,,FM
Dryopteris cristata,4.0,9.0,4.0,4.0,H,g,sv,cs,,,,,OM
Dryopteris dilatata,4.0,6.0,4.0,5.0,H,g,sv,cs,,,,,OM
Dryopteris expansa,4.0,6.0,2.0,2.0,H,g,sv,cs,SC,AFXF,,,OM
Dryopteris filix-mas,3.0,5.0,5.0,6.0,H,g,sv,cs,SC,I,,,FM
Duchesnea indica,,,,,H,h,vvs,csr,,,AB,se,OM
Echinochloa crus-galli,6.0,5.0,7.0,8.0,T,h,s,cr,SC,AF,W,wi,FM
Echinocystis lobata,,,,,T,r,s,cr,SC,XF,B,in,OM
Echinops sphaerocephalus,8.0,4.0,7.0,7.0,H,h,s,c,SC,XF,B`,in,OM
Echium vulgare,8.0,4.0,6.0,4.0,H,h,s,cr,SC,XF,H,in,OM
Elaeagnus angustifolia,,,,,M,r,sv,c,SC,AFXF,AB,in,FM
Elaeagnus commutata,,,,,N,r,sv,c,SC,AFXF,AB,se,OM
Elatine hexandra,7.0,10.0,3.0,2.0,T,r,sv,sr,SC,AO,A,se,OM
Eleocharis multicaulis,8.0,9.0,4.0,1.0,H,r,sv,cs,SC,XF,W,wi,NM
Eleocharis ovata,,,,,T,r,s,r,SC,XF,W,wi,OM
Eleocharis palustris,8.0,10.0,6.0,4.0,G,r,vvs,cs,SC,AFXF,W,wi,FM
Eleocharis quinqueflora,8.0,9.0,7.0,2.0,H,r,sv,csr,SC,XF,W,wi,FM
Eleocharis uniglumis,7.0,10.0,7.0,4.0,H,r,vvs,csr,SC,AFXF,W,wi,NM
Eleusine indica,,,,,T,h,s,c,SC,AFXF,W,wi,OM
Elodea canadensis,7.0,12.0,7.0,6.0,A,r,v,,,X,Hy,wa,NM
Elsholtzia ciliata,,,,,T,r,s,r,SC,AFXF,BD,se,OM
Elyna myosuroides,,,,,H,h,sv,csr,SC,AFXF,W,wi,FM
Elytrigia repens,7.0,5.0,6.0,7.0,G,h,vvs,c,I+,X,W,wi,OM
Empetrum hermaphroditum,,,,,S,r,sv,csr,,,Wb,wi,OM
Empetrum nigrum,7.0,6.0,2.0,1.0,S,r,vvs,csr,,X,Wb,wi,OM
Epilobium alsinifolium,8.0,9.0,5.0,4.0,H,r,sv,cs,SC,AF,B,se,FM
Epilobium anagallidifolium,8.0,7.0,4.0,3.0,H,r,sv,s,SC,AO,B,se,OM
Epilobium angustifolium,,,,,G,r,sv,c,SC,XF,B,se,FM
Epilobium brachycarpum,,,,,H,r,s,,SC,AO,B,se,FM
Epilobium ciliatum,7.0,5.0,5.0,6.0,H,h,sv,c,SC,AF,B,se,OM
Epilobium hirsutum,7.0,8.0,7.0,7.0,H,r,sv,c,SC,XF,B,se,FM
Epilobium lanceolatum,7.0,4.0,3.0,3.0,H,r,sv,cs,SC,AF,B,se,OM
Epilobium montanum,4.0,5.0,6.0,6.0,H,r,sv,cs,SC,AO,B,se,FM
Epilobium obscurum,6.0,8.0,4.0,4.0,H,r,sv,cs,SC,AO,B,se,OM
Epilobium palustre,7.0,8.0,3.0,2.0,G,r,sv,csr,SC,AF,B,se,OM
Epilobium parviflorum,7.0,9.0,7.0,5.0,H,r,sv,cs,SC,AF,B,se,OM
Epilobium roseum,6.0,8.0,7.0,7.0,H,h,sv,cs,SC,AF,B,se,OM
Epilobium tetragonum,,,,,H,h,sv,cs,SC,AO,B,se,OM
Epipactis atrorubens,6.0,3.0,8.0,1.0,G,r,sv,csr,SI,X,AB,in,FM
Epipactis distans,,,,,G,r,sv,csr,SC,,AB,,OM
Epipactis helleborine,3.0,5.0,5.0,4.0,G,r,sv,csr,SC,AFXF,Hw,se,OM
Epipactis leptochila,3.0,3.0,7.0,3.0,G,r,sv,csr,SC,AO,AB,se,OM
Epipactis microphylla,,,,,G,r,sv,csr,SC,AO,AB,se,OM
Epipactis palustris,7.0,8.0,7.0,2.0,G,r,sv,csr,SC,XF,BHb,se,FM
Epipactis purpurata,2.0,5.0,8.0,4.0,G,r,sv,csr,SC,AFXF,AB,se,OM
Epipogium aphyllum,2.0,5.0,6.0,4.0,G,r,vvs,,SC,AFXF,Hh,in,FM
Equisetum arvense,6.0,6.0,5.0,3.0,G,r,sv,cr,SC,XF,,,FM
Equisetum fluviatile,8.0,10.0,4.0,4.0,A,r,sv,cs,,X,,,NM
Equisetum hyemale,5.0,7.0,6.0,6.0,S,r,sv,cs,,X,,,FM
Equisetum palustre,6.0,8.0,5.0,3.0,G,r,sv,csr,,X,,,NM
Equisetum pratense,5.0,6.0,5.0,2.0,H,r,sv,csr,,X,,,NM
Equisetum ramosissimum,8.0,4.0,7.0,1.0,H,r,sv,cs,,X,,,FM
Equisetum sylvaticum,3.0,7.0,4.0,4.0,G,r,sv,cs,,X,,,FM
Equisetum telmateia,5.0,8.0,7.0,5.0,G,r,sv,cs,,X,,,OM
Equisetum variegatum,8.0,8.0,8.0,2.0,S,r,sv,cs,,X,,,FM
Eragrostis curvula,,,,,H,h,s,,SC,AFXF,W,wi,OM
Eragrostis minor,8.0,3.0,7.0,4.0,T,h,s,r,,,W,wi,OM
Eragrostis pilosa,8.0,3.0,7.0,6.0,T,h,s,r,SC,,W,wi,OM
Eragrostis tef,,,,,T,h,s,cr,,,W,wi,OM
Erica carnea,,,,,S,r,sv,cs,SC,AFXF,Ft,in,OM
Erica cinerea,7.0,5.0,2.0,2.0,S,r,sv,cs,SC,AO,H,se,OM
Erica tetralix,8.0,8.0,1.0,1.0,S,r,sv,cs,SC,AF,Hb,se,OM
Erigeron acris,8.0,4.0,7.0,2.0,H,h,s,r,SC,X,B`,se,FM
Erigeron alpinus,,,,,H,h,sv,csr,SC,AFXF,B`,se,FM
Erigeron annuus,7.0,5.0,6.0,6.0,H,h,s,cr,,,B`,in,OM
Erigeron glabratus,,,,,H,h,sv,csr,SC,AF,B`,se,OM
Erigeron uniflorus,,,,,H,h,sv,csr,SC,AF,B`,se,OM
Eriophorum angustifolium,8.0,9.0,4.0,1.0,G,h,vvs,cs,SC,AFXF,W,wi,FM
Eriophorum latifolium,8.0,9.0,7.0,2.0,H,h,sv,cs,SC,XF,W,wi,NM
Eriophorum scheuchzeri,,,,,H,h,sv,cs,SC,XF,W,wi,NM
Eriophorum vaginatum,7.0,8.0,2.0,1.0,H,h,sv,cs,SC,AF,W,wi,FM
Eriophyllum lanatum,,,,,,,ssv,c,SI,X,B`,in,OM
Erodium cicutarium,8.0,4.0,6.0,4.0,H,h,s,r,SC,AFXF,B,se,FM
Erophila verna,8.0,3.0,5.0,2.0,H,g,s,sr,SC,AO,AB,se,NM
Eruca sativa,,,,,H,h,s,cr,SI,X,AB,se,NM
Eryngium campestre,9.0,3.0,7.0,3.0,H,h,s,cs,SC,XF,B`,in,OM
Eryngium maritimum,9.0,4.0,6.0,4.0,H,h,s,cs,SC,XF,B`,in,FM
Eryngium planum,7.0,6.0,7.0,4.0,H,h,s,csr,SC,AFXF,B`,in,OM
Erysimum cheiranthoides,7.0,5.0,7.0,7.0,H,h,s,cr,SC,,AB,se,NM
Erysimum marschallianum,,,,,H,h,s,csr,,,AB,se,NM
Eschscholzia californica,,,,,H,h,s,r,I+,X,Po,in,FM
Euonymus europaea,,,,,N,r,s,c,,,A,in,OM
Eupatorium cannabinum,7.0,7.0,6.0,7.0,H,r,sv,c,SI,X,B`F,ge,OM
Euphorbia amygdaloides,4.0,5.0,6.0,5.0,C,h,sv,cs,SC,XF,A,in,OM
Euphorbia cyparissias,8.0,3.0,6.0,3.0,G,r,sv,csr,SC,X,A,se,OM
Euphorbia dulcis,4.0,5.0,7.0,5.0,G,r,sv,csr,SC,XF,A,in,OM
Euphorbia esula,8.0,4.0,7.0,4.0,G,r,sv,csr,SC,AFXF,A,se,OM
Euphorbia helioscopia,6.0,5.0,6.0,6.0,H,r,s,r,SC,XF,A,se,FM
Euphorbia peplus,6.0,4.0,7.0,6.0,T,r,s,r,SC,AF,A,se,FM
Euphorbia stricta,5.0,6.0,6.0,5.0,H,r,s,r,SC,XF,A,in,OM
Euphorbia virgata,,,,,G,r,sv,c,SC,XF,A,in,OM
Euphrasia frigida,7.0,5.0,3.0,2.0,T,r,s,r,SC,AF,BH,se,OM
Euphrasia hirtella,,,,,T,r,s,r,SC,AF,BH,se,NM
Euphrasia minima,,,,,T,r,s,r,SC,AF,BH,se,NM
Euphrasia nemorosa,7.0,5.0,4.0,1.0,T,r,s,r,SC,AF,BH,se,NM
Euphrasia officinalis,7.0,5.0,4.0,3.0,T,r,s,r,SC,AF,BH,se,NM
Euphrasia stricta,,,,,T,r,s,r,SC,AF,BH,se,FM
Fagopyrum esculentum,7.0,5.0,7.0,6.0,T,r,s,cr,C+,X,AB,se,NM
Fagopyrum tataricum,,,,,T,r,s,cr,SC,AO,AB,wi,OM
Fagus sylvatica,-3.0,5.0,5.0,5.0,M,r,s,c,SI,X,W,wi,OM
Fallopia convolvulus,7.0,4.0,6.0,5.0,T,r,s,cr,SC,AO,B,se,NM
Fallopia japonica,6.0,7.0,5.0,6.0,G,r,vvs,c,SI,X,B,in,FM
Fallopia sachalinensis,6.0,5.0,6.0,7.0,G,r,v,c,,X,B,in,NM
Festuca altissima,3.0,5.0,4.0,5.0,H,r,s,cs,SC,AFXF,W,wi,FM
Festuca arundinacea,7.0,6.0,7.0,6.0,H,h,s,c,I+,X,W,wi,OM
Festuca brevipila,8.0,3.0,4.0,2.0,H,h,s,cs,I+,X,W,wi,OM
Festuca gigantea,4.0,6.0,6.0,6.0,H,h,s,cs,SC,AFXF,W,wi,FM
Festuca heterophylla,4.0,4.0,5.0,4.0,H,h,s,c,I+,X,W,wi,OM
Festuca ovina,7.0,4.0,3.0,1.0,H,h,s,csr,SI,X,W,wi,FM
Festuca pallens,,,,,H,h,ssv,cs,SI,X,W,wi,OM
Festuca pratensis,7.0,5.0,6.0,6.0,H,h,s,c,I+,X,W,wi,OM
Festuca quadriflora,,,,,H,h,s,csr,,,W,wi,OM
Festuca rubra,7.0,5.0,5.0,5.0,H,h,sv,c,I+,X,W,wi,FM
Festuca rupicola,,,,,H,h,ssv,cs,SI,X,W,wi,OM
Festuca valesiaca,,,,,H,h,ssv,csr,SI,X,W,wi,OM
Filago arvensis,,,,,H,h,s,sr,SC,AF,B`,wi,OM
Filipendula ulmaria,6.0,8.0,6.0,5.0,H,h,sv,c,SC,AFXF,Po,se,FM
Filipendula vulgaris,7.0,3.0,8.0,2.0,H,h,sv,csr,SI,X,Po,wi,OM
Foeniculum vulgare,7.0,4.0,8.0,5.0,H,h,s,c,SC,X,A,ge,OM
Forsythia suspensa,,,,,N,r,v,c,SI,X,B,in,OM
Fragaria moschata,6.0,5.0,6.0,6.0,H,h,sv,csr,,X,AB,in,OM
Fragaria vesca,6.0,5.0,6.0,4.0,H,h,sv,csr,SC,XF,AB,se,FM
Fragaria viridis,,,,,H,h,sv,csr,SI,X,AB,in,OM
Frangula alnus,6.0,7.0,4.0,4.0,N,r,s,c,SI,X,AD,in,FM
Fraxinus excelsior,-4.0,6.0,7.0,6.0,M,r,s,c,,XF,W,wi,OM
Fraxinus ornus,,,,,M,r,s,c,C+,XF,B,in,OM
Fraxinus pennsylvanica,,,,,M,r,ssv,c,,X,W,wi,FM
Fumana procumbens,,,,,S,r,s,csr,SC,AO,Po,se,OM
Fumaria officinalis,6.0,5.0,6.0,6.0,T,h,s,r,SC,AF,H,se,FM
Fumaria vaillantii,7.0,3.0,8.0,5.0,T,r,s,r,SC,AF,H,se,FM
Gagea bohemica,9.0,2.0,4.0,2.0,G,r,vvs,csr,,,AB,pk,OM
Gagea lutea,4.0,6.0,7.0,7.0,G,r,sv,csr,,,AB,se,FM
Galanthus nivalis,5.0,6.0,7.0,7.0,G,r,sv,csr,SC,AFXF,BHb,in,OM
Galeobdolon argentatum,,,,,C,r,sv,cs,SC,AFXF,H,se,OM
Galeobdolon luteum,,,,,C,r,sv,cs,SC,AFXF,H,se,OM
Galeobdolon montanum,,,,,C,r,sv,cs,SC,XF,H,se,OM
Galeopsis bifida,7.0,5.0,6.0,6.0,T,r,s,cr,SC,AF,H,se,OM
Galeopsis segetum,7.0,4.0,3.0,3.0,T,r,s,cr,SC,XF,Hh,se,NM
Galeopsis speciosa,7.0,5.0,6.0,7.0,T,r,s,cr,SC,XF,Hh,se,OM
Galeopsis tetrahit,6.0,5.0,5.0,6.0,T,r,s,cr,SC,AF,Hh,se,NM
Galinsoga ciliata,,,,,T,r,s,cr,SC,AFXF,B`,se,OM
Galinsoga parviflora,7.0,4.0,5.0,7.0,T,r,s,cr,SC,AFXF,B`,se,OM
Galium album,,,,,H,r,sv,c,,AFXF,A,se,OM
Galium aparine,6.0,5.0,6.0,8.0,H,r,s,cr,SC,AF,A,se,FM
Galium boreale,6.0,5.0,7.0,2.0,G,r,sv,csr,,,A,se,OM
Galium lucidum,,,,,H,r,s,c,,,A,se,OM
Galium mollugo,7.0,4.0,6.0,4.0,H,r,s,c,,AFXF,A,se,FM
Galium odoratum,2.0,5.0,6.0,5.0,C,r,sv,s,,,A,se,FM
Galium palustre,6.0,9.0,5.0,4.0,H,r,sv,cs,SC,AFXF,A,se,FM
Galium saxatile,6.0,5.0,2.0,3.0,C,r,sv,cs,SI,X,A,in,FM
Galium schultesii,,,,,G,r,s,cs,,,A,se,OM
Galium spurium,7.0,5.0,7.0,5.0,T,r,s,cr,SC,AF,A,se,OM
Galium sterneri,9.0,4.0,7.0,1.0,H,r,sv,csr,SI,X,A,in,FM
Galium uliginosum,6.0,8.0,4.0,2.0,H,r,sv,csr,SC,AF,A,se,NM
Galium verum,7.0,4.0,5.0,2.0,H,r,sv,cs,,,A,wi,OM
Gaudinia fragilis,8.0,5.0,6.0,6.0,T,h,s,r,,,W,wi,OM
Genista tinctoria,7.0,4.0,6.0,1.0,S,r,s,cs,SI,X,H,in,OM
Gentiana acaulis,,,,,H,h,sv,csr,SC,XF,Hh,se,OM
Gentiana asclepiadea,6.0,6.0,5.0,2.0,H,r,sv,c,SC,AFXF,Hh,se,OM
Gentiana clusii,,,,,H,h,sv,csr,SC,XF,Hh,se,OM
Gentiana cruciata,,,,,H,h,s,csr,SC,XF,Hh,se,OM
Gentiana lutea,,,,,H,h,s,c,SC,X,A,se,OM
Gentiana nivalis,9.0,5.0,7.0,3.0,T,h,s,r,SC,AFXF,Ft,se,FM
Gentiana pneumonanthe,7.0,7.0,4.0,1.0,H,r,s,csr,SC,XF,Hh,se,FM
Gentiana punctata,,,,,H,h,s,c,SC,AFXF,Hh,in,OM
Gentiana verna,8.0,4.0,7.0,1.0,H,h,sv,csr,SC,AFXF,Ft,in,OM
Gentianella amarella,8.0,4.0,7.0,2.0,H,h,s,csr,SC,AO,HhF,se,OM
Gentianella campestris,8.0,5.0,4.0,2.0,H,h,s,csr,SC,AFXF,HhF,se,OM
Gentianella germanica,7.0,4.0,7.0,3.0,H,h,s,csr,SC,AFXF,HhF,se,OM
Geranium dissectum,6.0,4.0,7.0,5.0,H,h,s,cr,SC,AF,H,se,OM
Geranium lucidum,4.0,4.0,7.0,6.0,H,h,s,csr,SC,AFXF,B,se,FM
Geranium molle,7.0,4.0,5.0,4.0,H,h,s,r,SC,AF,B,se,FM
Geranium nodosum,,,,,H,h,sv,csr,SC,,B,in,OM
Geranium pratense,7.0,5.0,7.0,7.0,H,h,sv,c,SC,X,B,in,OM
Geranium purpureum,6.0,3.0,6.0,3.0,H,h,s,csr,SC,AO,B,se,OM
Geranium pusillum,7.0,4.0,6.0,7.0,H,h,s,c,SC,AF,B,se,OM
Geranium pyrenaicum,7.0,4.0,7.0,6.0,H,h,s,csr,SC,AFXF,B,se,OM
Geranium robertianum,5.0,6.0,6.0,6.0,H,h,s,csr,SC,AF,B,se,FM
Geranium rotundifolium,7.0,4.0,7.0,6.0,T,h,s,r,SC,AF,B,se,OM
Geranium sanguineum,7.0,3.0,7.0,3.0,H,h,sv,csr,SC,XF,B,se,FM
Geranium sibiricum,,,,,H,h,s,c,SC,AF,B,se,OM
Geranium sylvaticum,6.0,5.0,6.0,5.0,H,h,sv,c,SC,X,B,in,OM
Geum montanum,,,,,H,h,sv,csr,,,AB,se,OM
Geum reptans,,,,,H,h,sv,csr,,,AB,in,OM
Geum rivale,6.0,7.0,6.0,4.0,H,h,sv,csr,,,AB,se,FM
Geum urbanum,4.0,5.0,6.0,7.0,H,h,ssv,csr,SC,AF,AB,se,OM
Gladiolus palustris,,,,,G,r,sv,csr,SC,X,Hh,se,OM
Glaux maritima,6.0,7.0,7.0,5.0,H,r,sv,s,SC,AF,B,se,OM
Glechoma hederacea,5.0,6.0,6.0,7.0,G,r,sv,csr,C+,XF,Hh,in,FM
Glyceria fluitans,6.0,10.0,5.0,6.0,A,r,sv,cs,I+,X,W,wi,FM
Glyceria maxima,7.0,10.0,7.0,8.0,A,r,vvs,cs,,,W,wi,FM
Glyceria striata,,,,,H,h,sv,cs,,,W,wi,OM
Gnaphalium norvegicum,7.0,5.0,4.0,4.0,H,h,sv,csr,SC,AF,B`,se,OM
Gnaphalium supinum,7.0,7.0,3.0,3.0,H,h,sv,csr,SC,AF,B`,se,OM
Gnaphalium sylvaticum,7.0,5.0,4.0,3.0,H,h,sv,csr,SC,AF,B`,se,OM
Gnaphalium uliginosum,7.0,6.0,4.0,4.0,T,h,s,r,SC,AF,B`,se,OM
Goodyera repens,3.0,4.0,3.0,2.0,H,h,sv,csr,SC,XF,BHh,in,OM
Gratiola officinalis,,,,,H,r,sv,csr,,,H,in,OM
Guizotia abyssinica,,,,,T,r,s,cr,SI,X,B`,in,OM
Gymnadenia conopsea,7.0,6.0,7.0,3.0,G,h,s,csr,SC,AFXF,Fn,in,OM
Gymnadenia odoratissima,,,,,G,h,s,csr,SC,AFXF,F,in,OM
Gymnocarpium dryopteris,2.0,5.0,4.0,4.0,G,r,sv,cs,,X,,,FM
Gypsophila fastigiata,,,,,C,r,s,s,SC,XF,B,in,NM
Gypsophila repens,,,,,C,r,sv,csr,SC,AFXF,B,se,FM
Halimione portulacoides,,,,,C,r,sv,cs,SC,AFXF,Wb,wi,FM
Hammarbya paludosa,9.0,9.0,2.0,1.0,G,g,vvs,cs,SC,AFXF,AB,in,OM
Hedera helix,-4.0,5.0,6.0,6.0,N,r,sv,cs,SC,AFXF,A,in,OM
Helianthemum alpestre,,,,,S,r,s,csr,,,Po,wi,OM
Helianthemum apenninum,8.0,1.0,8.0,1.0,S,r,s,cs,,,Po,wi,OM
Helianthemum canum,8.0,2.0,9.0,1.0,S,r,ssv,cs,I+,X,Po,wi,OM
Helianthemum nummularium,7.0,4.0,7.0,2.0,S,r,ssv,cs,,,Po,wi,OM
Helianthus annuus,,,,,T,r,s,cr,SC,X,B`,in,OM
Helianthus tuberosus,8.0,6.0,7.0,8.0,G,r,vvs,c,SI,X,B`,in,OM
Helichrysum arenarium,,,,,H,h,sv,csr,,,B`,ge,OM
Helictotrichon pratense,,,,,H,h,ssv,cs,,,W,wi,OM
Helictotrichon pubescens,,,,,H,h,sv,c,C+,AFXF,W,wi,OM
Helictotrichon versicolor,,,,,H,h,sv,cs,,,W,wi,OM
Helleborus foetidus,5.0,4.0,8.0,3.0,C,h,s,cs,C+,XF,BHb,se,OM
Helleborus niger,,,,,H,g,sv,cs,,,B,se,OM
Hemerocallis lilioasphodelus,,,,,G,h,v,c,SI,X,Ft,in,OM
Hepatica nobilis,4.0,4.0,7.0,5.0,H,g,sv,csr,,,Po,se,OM
Heracleum mantegazzianum,7.0,6.0,6.0,8.0,H,h,s,c,SC,XF,A,ge,OM
Heracleum sphondylium,7.0,5.0,6.0,7.0,H,h,ssv,c,SC,XF,A,ge,FM
Herminium monorchis,7.0,5.0,8.0,2.0,G,h,sv,csr,SC,AFXF,Kl,se,OM
Hesperis matronalis,6.0,6.0,7.0,7.0,H,h,s,cs,SI,X,B,se,FM
Hieracium alpinum,,,,,H,h,sv,csr,,,B`,se,OM
Hieracium aurantiacum,,,,,H,h,sv,csr,,,B`,se,OM
Hieracium bifidum,,,,,H,h,sv,csr,,,B`,se,OM
Hieracium caespitosum,,,,,H,h,sv,csr,,,B`,se,OM
Hieracium echioides,,,,,H,r,s,csr,,,B`,se,OM
Hieracium hoppeanum,,,,,H,g,sv,,,,B`,se,OM
Hieracium lachenalii,,,,,H,h,sv,cs,,,B`,se,OM
Hieracium lactucella,,,,,H,g,sv,csr,,,B`,se,OM
Hieracium laevigatum,,,,,H,r,sv,cs,,,B`,se,FM
Hieracium murorum,,,,,H,h,sv,csr,,,B`,se,FM
Hieracium pilosella,,,,,H,g,sv,csr,SI,X,B`,se,OM
Hieracium umbellatum,6.0,4.0,4.0,2.0,H,r,sv,cs,,,B`,se,OM
Hieracium villosum,,,,,H,h,sv,,,,B`,se,OM
Hieracium vulgatum,,,,,H,h,sv,,,,B`,se,FM
Hierochloe australis,,,,,H,h,sv,c,,,W,wi,OM
Hierochloe odorata,6.0,6.0,4.0,2.0,G,h,sv,cs,,,W,wi,OM
Himantoglossum hircinum,7.0,3.0,9.0,2.0,G,h,s,csr,SC,X,BHb,in,OM
Hippocrepis comosa,7.0,3.0,7.0,2.0,H,h,s,csr,SI,X,H,in,OM
Hippocrepis emerus,,,,,N,r,ssv,cs,SI,X,Hh,in,OM
Hippophae rhamnoides,8.0,5.0,7.0,5.0,N,r,sv,c,SC,X,W,wi,FM
Hirschfeldia incana,8.0,3.0,7.0,5.0,T,h,s,cr,SI,X,AB,in,FM
Holcus lanatus,7.0,6.0,6.0,5.0,H,h,sv,c,I+,X,W,wi,FM
Holcus mollis,5.0,5.0,2.0,3.0,G,h,vvs,csr,I+,X,W,wi,OM
Holosteum umbellatum,8.0,3.0,7.0,2.0,H,h,s,sr,SC,AF,AB,se,NM
Homogyne alpina,5.0,6.0,3.0,2.0,H,h,sv,csr,,,B`F,ge,OM
Honckenya peploides,9.0,5.0,7.0,6.0,H,r,sv,s,SC,AF,AB,wi,NM
Hordelymus europaeus,3.0,4.0,7.0,6.0,H,h,sv,cs,,,W,wi,OM
Hordeum jubatum,9.0,5.0,7.0,6.0,H,h,ssv,sr,SC,AO,W,se,OM
Hordeum murinum,8.0,4.0,7.0,5.0,H,h,s,r,SC,AO,W,se,OM
Hordeum vulgare,,,,,H,h,s,cr,SC,AF,W,wi,FM
Hottonia palustris,6.0,11.0,5.0,4.0,A,h,sv,,I+,X,B,in,FM
Humulus lupulus,6.0,7.0,6.0,8.0,H,r,sv,c,,X,W,wi,FM
Huperzia selago,4.0,6.0,2.0,2.0,C,r,sv,csr,,,,,FM
Hyacinthoides non-scripta,5.0,5.0,5.0,6.0,G,g,vvs,csr,I+,X,H,in,OM
Hydrilla verticillata,6.0,12.0,9.0,3.0,A,r,vvs,,SC,AFXF,Hy,wa,NM
Hydrocotyle vulgaris,6.0,8.0,3.0,2.0,H,r,sv,s,SC,AO,A,se,FM
Hymenophyllum tunbrigense,,,,,H,r,vvs,,,,,,OM
Hypericum elegans,,,,,H,r,sv,cs,SC,AFXF,Po,se,OM
Hypericum hirsutum,6.0,5.0,6.0,5.0,H,r,s,c,SC,AFXF,Po,se,NM
Hypericum humifusum,7.0,6.0,3.0,3.0,H,r,s,csr,SC,AF,Po,se,NM
Hypericum maculatum,6.0,6.0,3.0,2.0,H,r,sv,csr,SC,AFXF,Po,se,OM
Hypericum montanum,5.0,4.0,7.0,2.0,H,r,sv,csr,SC,AFXF,Po,se,NM
Hypericum perforatum,7.0,4.0,6.0,4.0,H,r,sv,c,SC,AFXF,Po,se,OM
Hypericum pulchrum,4.0,5.0,3.0,2.0,H,r,s,c,SC,AFXF,Po,se,OM
Hypericum tetrapterum,7.0,8.0,6.0,4.0,H,r,sv,csr,SC,AFXF,Po,se,FM
Hypochaeris glabra,8.0,3.0,3.0,1.0,H,g,s,sr,SI,X,B`,in,OM
Hypochaeris maculata,7.0,4.0,6.0,2.0,H,h,ssv,csr,I+,X,B`,in,OM
Hypochaeris radicata,,,,,H,g,ssv,csr,SI,X,B`,in,FM
Hyssopus officinalis,,,,,S,r,s,cs,SC,XF,H,in,OM
Iberis amara,,,,,H,r,s,r,SI,X,AB,in,FM
Ilex aquifolium,-4.0,5.0,4.0,5.0,M,r,sv,c,SC,X,A,in,OM
Impatiens capensis,7.0,9.0,7.0,6.0,T,r,s,r,SC,XF,H,in,OM
Impatiens glandulifera,5.0,8.0,7.0,7.0,T,r,s,cr,SC,XF,Hh,in,FM
Impatiens noli-tangere,,,,,T,r,s,sr,SC,XF,Hh,kl,FM
Impatiens parviflora,,,,,T,r,s,sr,SC,AF,H,se,FM
Inula britannica,,,,,H,h,sv,csr,,,B`,in,OM
Inula helenium,7.0,5.0,7.0,5.0,H,h,sv,c,,,B`,in,OM
Inula hirta,,,,,H,r,sv,cs,,,B`,in,OM
Inula salicina,7.0,5.0,8.0,3.0,H,r,sv,cs,,,B`,ge,OM
Iris germanica,,,,,G,h,vvs,c,SC,X,Hh,in,OM
Iris pseudacorus,6.0,9.0,6.0,6.0,G,h,sv,cs,SC,X,HhDs,in,FM
Iris pumila,,,,,G,h,sv,csr,SC,X,Hh,in,OM
Iris sibirica,8.0,8.0,6.0,2.0,G,h,sv,cs,SC,X,Hh,in,OM
Iris versicolor,,,,,G,h,sv,cs,SC,X,Hh,se,OM
Isatis tinctoria,8.0,3.0,8.0,3.0,H,h,ssv,cs,SI,X,AB,in,FM
Isoetes echinospora,7.0,12.0,5.0,1.0,A,g,sv,,,X,,,FM
Isoetes lacustris,6.0,12.0,4.0,1.0,A,g,sv,,,X,,,FM
Jasione montana,7.0,2.0,3.0,2.0,H,h,s,csr,SI,X,B`,in,FM
Juglans regia,6.0,5.0,7.0,7.0,M,r,s,c,SC,AFXF,W,wi,FM
Juncus acutiflorus,8.0,8.0,4.0,2.0,G,h,sv,cs,SC,AFXF,W,wi,FM
Juncus alpinus,,,,,H,h,sv,cs,SC,AFXF,W,wi,FM
Juncus articulatus,8.0,9.0,5.0,2.0,H,r,sv,csr,SC,XF,W,wi,FM
Juncus balticus,8.0,8.0,5.0,2.0,G,r,sv,cs,SC,AFXF,W,wi,FM
Juncus bufonius,7.0,7.0,3.0,4.0,T,h,s,r,SC,AO,W,wi,FM
Juncus bulbosus,6.0,10.0,4.0,2.0,A,h,sv,csr,SC,AFXF,W,wi,NM
Juncus conglomeratus,7.0,7.0,4.0,3.0,H,r,sv,c,SC,AFXF,W,wi,NM
Juncus dudleyi,,,,,H,r,sv,c,SC,AFXF,W,wi,FM
Juncus effusus,7.0,7.0,3.0,4.0,H,r,sv,c,SC,AFXF,W,wi,FM
Juncus ensifolius,,,,,H,h,sv,cs,SC,AFXF,W,wi,NM
Juncus filiformis,7.0,8.0,3.0,3.0,G,r,vvs,csr,SC,AFXF,W,wi,FM
Juncus gerardii,8.0,8.0,7.0,5.0,G,h,sv,s,SC,AFXF,W,wi,FM
Juncus inflexus,7.0,7.0,7.0,4.0,H,r,ssv,c,SC,AF,W,wi,FM
Juncus maritimus,8.0,8.0,8.0,5.0,G,h,sv,cs,SC,XF,W,wi,NM
Juncus squarrosus,7.0,7.0,1.0,1.0,H,h,sv,csr,SC,AFXF,W,wi,FM
Juncus stygius,,,,,H,h,sv,csr,SC,AFXF,W,wi,NM
Juncus tenuis,6.0,6.0,5.0,4.0,H,h,ssv,csr,SC,AF,W,wi,FM
Juncus trifidus,8.0,4.0,2.0,2.0,H,r,sv,csr,SC,XF,W,wi,FM
Juncus triglumis,8.0,9.0,6.0,2.0,H,r,sv,csr,SC,AFXF,W,wi,FM
Juniperus communis,7.0,4.0,5.0,3.0,M,r,s,c,,X,W,wi,OM
Juniperus sabina,,,,,N,r,s,c,,X,W,wi,OM
Kalmia angustifolia,,,,,N,r,vvs,c,SC,XF,Po,in,OM
Kickxia spuria,7.0,4.0,7.0,3.0,T,r,s,r,SC,AF,H,se,OM
Knautia arvensis,7.0,3.0,6.0,4.0,H,h,s,c,SC,XF,B`,se,OM
Knautia kitaibelii,,,,,H,h,s,c,SC,XF,B`,in,OM
Kobresia simpliciuscula,8.0,8.0,8.0,1.0,H,h,sv,csr,SC,AFXF,W,wi,NM
Koeleria glauca,,,,,H,h,sv,cs,,,W,wi,FM
Koeleria macrantha,7.0,3.0,7.0,2.0,H,h,s,cs,SI,X,W,wi,OM
Koeleria pyramidata,,,,,H,h,sv,cs,,,W,wi,FM
Koeleria vallesiana,8.0,1.0,8.0,1.0,H,h,sv,cs,SI,X,W,wi,OM
Laburnum anagyroides,6.0,5.0,7.0,7.0,M,r,s,c,SI,X,H,in,OM
Lactuca serriola,8.0,4.0,6.0,4.0,H,h,s,cr,SC,AF,B`,se,OM
Lagarosiphon major,6.0,12.0,7.0,6.0,A,r,v,,,X,Hy,wa,OM
Lamium album,6.0,5.0,6.0,8.0,H,r,sv,csr,SC,AFXF,H,se,FM
Lamium amplexicaule,6.0,4.0,7.0,6.0,H,r,s,r,SC,AO,H,se,OM
Lamium purpureum,6.0,5.0,7.0,7.0,H,r,s,r,SC,AFXF,H,se,FM
Lappula squarrosa,8.0,3.0,7.0,6.0,H,h,s,csr,SC,AO,B,se,OM
Lapsana communis,5.0,4.0,6.0,7.0,H,h,s,cr,SC,AF,B`,se,OM
Larix decidua,-8.0,4.0,5.0,3.0,M,r,s,c,I+,X,W,wi,OM
Larix kaempferi,,,,,M,r,s,c,,XF,W,wi,OM
Laser trilobum,,,,,H,h,s,c,SC,XF,A,ge,OM
Laserpitium siler,,,,,H,h,s,c,SC,XF,A,in,OM
Lathraea squamaria,3.0,6.0,7.0,6.0,G,r,sv,,,,Hh,wi,NM
Lathyrus aphaca,7.0,3.0,8.0,3.0,T,r,s,r,SC,AF,H,se,OM
Lathyrus japonicus,9.0,5.0,7.0,6.0,H,r,ssv,cs,SC,AFXF,H,in,OM
Lathyrus linifolius,6.0,5.0,3.0,2.0,G,r,sv,csr,SC,XF,H,in,OM
Lathyrus niger,5.0,3.0,7.0,3.0,G,r,sv,csr,SC,XF,H,in,FM
Lathyrus odoratus,,,,,T,r,s,cr,SC,AFXF,H,se,OM
Lathyrus pratensis,7.0,6.0,6.0,5.0,H,r,ssv,c,C+,XF,H,in,FM
Lathyrus sativus,,,,,T,r,s,cr,SC,AF,H,se,OM
Lathyrus sylvestris,7.0,4.0,7.0,2.0,H,r,ssv,c,SC,XF,H,kl,OM
Lathyrus tuberosus,7.0,4.0,8.0,4.0,H,r,sv,c,SC,XF,H,in,OM
Lathyrus vernus,,,,,G,r,sv,csr,SC,AFXF,H,in,OM
Lavandula angustifolia,,,,,S,r,s,cs,SC,AFXF,H,se,OM
Ledum groenlandicum,,,,,N,r,sv,cs,SC,AFXF,AB,wi,OM
Ledum palustre,,,,,N,r,s,cs,SC,AFXF,AB,se,OM
Leersia oryzoides,7.0,10.0,7.0,7.0,A,h,sv,c,SC,AO,W,kl,FM
Lemna gibba,7.0,11.0,7.0,8.0,A,r,vvs,,SC,AFXF,W,wi,NM
Lemna minor,7.0,11.0,6.0,6.0,A,r,vvs,,SC,AFXF,W,wi,NM
Lemna trisulca,7.0,12.0,7.0,5.0,A,r,vvs,,SC,AFXF,W,wi,NM
Leontodon autumnalis,8.0,6.0,6.0,4.0,H,g,sv,csr,I+,X,B`,in,OM
Leontodon hispidus,7.0,4.0,6.0,3.0,H,g,sv,csr,I+,X,B`,in,OM
Leontopodium alpinum,,,,,H,h,sv,csr,,,B`,in,OM
Lepidium campestre,7.0,4.0,7.0,5.0,H,h,s,sr,SC,AO,AB,se,NM
Lepidium densiflorum,,,,,H,h,s,r,SC,AF,AB,se,NM
Lepidium latifolium,8.0,5.0,7.0,5.0,H,r,sv,c,SC,AF,AB,se,NM
Lepidium perfoliatum,8.0,5.0,6.0,5.0,H,h,s,r,SC,AO,AB,se,NM
Lepidium ruderale,9.0,4.0,7.0,6.0,H,h,s,r,SC,AO,AB,se,NM
Lepidium sativum,,,,,H,r,s,r,SC,AFXF,AB,se,NM
Lepidium virginicum,8.0,4.0,6.0,5.0,H,h,s,r,SC,AF,AB,se,FM
Leucanthemopsis alpina,,,,,H,h,sv,,,,B`,ge,FM
Leucanthemum vulgare,7.0,4.0,6.0,3.0,H,h,sv,c,SC,AFXF,B`,se,OM
Leucojum aestivum,6.0,8.0,7.0,7.0,G,g,sv,csr,,,B,in,OM
Leucojum vernum,6.0,6.0,7.0,6.0,G,g,sv,csr,,,B,in,FM
Levisticum officinale,,,,,H,h,sv,c,SC,AFXF,A,in,OM
Leymus arenarius,8.0,4.0,7.0,4.0,G,h,vvs,c,,,W,wi,OM
Ligustrum vulgare,6.0,4.0,7.0,3.0,N,r,s,c,,,B,se,OM
Lilium bulbiferum,,,,,G,h,sv,csr,SI,X,Ft,in,OM
Lilium martagon,3.0,4.0,7.0,5.0,G,r,s,csr,SC,X,Fn,se,OM
Limodorum abortivum,,,,,G,r,sv,csr,SC,AF,B,se,OM
Limonium vulgare,9.0,8.0,8.0,6.0,H,g,vvs,s,SI,X,B,in,FM
Linaria alpina,,,,,G,r,sv,csr,SC,XF,Hh,in,OM
Linaria dalmatica,,,,,G,r,sv,csr,SI,X,H,in,OM
Linaria repens,8.0,5.0,7.0,5.0,G,r,sv,cs,C+,XF,H,in,FM
Linaria vulgaris,7.0,4.0,7.0,5.0,G,r,sv,csr,SC,X,H,in,FM
Lindernia dubia,,,,,T,r,s,sr,SC,AO,B,se,OM
Linnaea borealis,4.0,5.0,2.0,2.0,C,r,vvs,csr,SC,X,B,se,OM
Linum austriacum,,,,,H,r,s,cs,SI,X,B,in,OM
Linum catharticum,7.0,5.0,7.0,2.0,H,h,s,sr,SC,AF,B,se,FM
Linum flavum,,,,,H,r,s,cs,SI,X,B,in,OM
Linum perenne,7.0,3.0,8.0,2.0,H,r,sv,cs,SI,X,B,in,OM
Linum usitatissimum,8.0,5.0,6.0,6.0,H,r,s,r,SC,AFXF,B,se,FM
Liparis loeselii,8.0,8.0,7.0,2.0,G,g,sv,csr,SC,AO,B,se,OM
Listera cordata,,,,,G,r,sv,csr,SC,AFXF,Hi,se,OM
Listera ovata,,,,,G,r,sv,csr,SC,AFXF,Hi,se,OM
Lithospermum officinale,6.0,4.0,8.0,5.0,H,r,s,c,,,H,se,FM
Littorella uniflora,7.0,10.0,5.0,2.0,A,g,sv,csr,SC,XF,Wb,wi,OM
Lloydia serotina,7.0,5.0,5.0,1.0,G,h,vvs,s,SC,AF,ADe,se,OM
Lobelia dortmanna,8.0,12.0,5.0,1.0,A,h,s,,SC,AF,B,se,OM
Loiseleuria procumbens,,,,,S,r,s,cs,SC,AFXF,A,se,OM
Lolium multiflorum,7.0,4.0,7.0,7.0,H,h,s,c,SI,X,W,wi,OM
Lolium perenne,8.0,5.0,6.0,6.0,H,h,s,c,I+,X,W,wi,OM
Lolium temulentum,7.0,4.0,7.0,6.0,T,h,s,cr,SC,AO,W,se,FM
Lonicera alpigena,,,,,N,r,s,c,SC,AFXF,B,se,OM
Lonicera caerulea,,,,,N,r,s,c,SC,AFXF,BH,se,OM
Lonicera periclymenum,5.0,5.0,3.0,4.0,N,r,s,c,SC,AFXF,Fn,se,OM
Lonicera tatarica,,,,,N,r,s,c,SC,AFXF,B,se,OM
Lonicera xylosteum,4.0,5.0,7.0,6.0,N,r,s,c,SC,AFXF,Hh,se,FM
Lotus corniculatus,7.0,4.0,6.0,2.0,H,r,ssv,csr,SC,X,Hb,in,FM
Lotus pedunculatus,7.0,8.0,4.0,4.0,H,r,sv,csr,SI,X,Hb,in,OM
Lotus tenuis,7.0,7.0,7.0,4.0,H,r,s,cs,SI,X,Hb,in,OM
Ludwigia palustris,8.0,9.0,4.0,4.0,H,r,sv,csr,SC,AO,A,se,OM
Lupinus albus,,,,,T,h,s,,SC,AF,H,se,NM
Lupinus angustifolius,,,,,T,h,s,cr,SC,AO,H,se,FM
Lupinus luteus,,,,,T,h,s,cr,SC,X,H,se,FM
Lupinus polyphyllus,7.0,5.0,4.0,5.0,H,h,s,c,SC,XF,H,se,FM
Luzula campestris,7.0,4.0,3.0,2.0,H,h,sv,csr,SC,XF,W,wi,FM
Luzula luzuloides,4.0,5.0,3.0,4.0,H,h,sv,cs,SC,AFXF,W,wi,NM
Luzula multiflora,7.0,4.0,3.0,3.0,H,h,sv,cs,SC,XF,W,wi,NM
Luzula nivea,,,,,H,h,sv,cs,SC,AFXF,W,wi,NM
Luzula pilosa,2.0,5.0,4.0,3.0,H,h,sv,csr,SC,XF,W,wi,FM
Luzula spicata,8.0,4.0,3.0,1.0,H,h,sv,csr,SC,XF,W,wi,FM
Luzula sudetica,,,,,H,h,sv,csr,SC,AF,W,wi,NM
Luzula sylvatica,4.0,5.0,3.0,4.0,H,h,sv,c,SC,XF,W,wi,FM
Lychnis flos-cuculi,,,,,H,h,sv,csr,SC,XF,HFt,se,FM
Lychnis viscaria,7.0,3.0,4.0,2.0,H,h,s,csr,SC,XF,Ft,se,NM
Lycium barbarum,8.0,5.0,7.0,4.0,N,r,sv,c,,,B,se,OM
Lycopersicon esculentum,,,,,T,r,s,cr,SC,AO,Po,se,OM
Lycopodiella inundata,8.0,9.0,2.0,1.0,C,r,sv,cs,,,,,FM
Lycopodium annotinum,3.0,6.0,2.0,3.0,C,r,sv,cs,,X,,,FM
Lycopodium clavatum,7.0,4.0,1.0,2.0,C,r,sv,cs,,X,,,FM
Lycopus europaeus,6.0,8.0,7.0,6.0,H,r,sv,cs,SC,XF,BD,in,FM
Lysimachia nemorum,2.0,7.0,4.0,5.0,C,r,sv,cs,SI,X,Po,se,FM
Lysimachia nummularia,4.0,6.0,5.0,5.0,H,r,vvs,csr,I+,X,Po,in,FM
Lysimachia thyrsiflora,6.0,10.0,4.0,3.0,G,r,sv,cs,SI,X,Po,ge,FM
Lysimachia vulgaris,6.0,8.0,5.0,5.0,G,r,sv,cs,SI,X,Po,se,FM
Lythrum hyssopifolia,8.0,7.0,3.0,4.0,T,r,ssv,sr,SC,AF,B,se,NM
Lythrum salicaria,7.0,8.0,6.0,5.0,H,r,ssv,cs,SI,X,B,se,FM
Macleaya cordata,,,,,G,r,sv,c,,,Po,wi,OM
Mahonia aquifolium,5.0,4.0,6.0,5.0,N,r,sv,c,SC,X,AB,se,OM
Maianthemum bifolium,3.0,5.0,3.0,3.0,G,r,sv,s,SI,X,PoA,se,FM
Malaxis monophyllos,,,,,G,r,sv,csr,SC,AFXF,AB,in,OM
Malus domestica,,,,,M,r,ssv,c,I+,X,AB,in,OM
Malus sylvestris,-7.0,5.0,7.0,5.0,M,r,ssv,c,I+,X,AB,in,OM
Malva neglecta,7.0,4.0,7.0,7.0,H,h,s,cr,SC,AFXF,B,se,OM
Malva sylvestris,8.0,4.0,7.0,7.0,H,h,s,c,SC,XF,B,in,OM
Marrubium vulgare,9.0,4.0,7.0,8.0,C,r,s,csr,SC,AFXF,H,se,OM
Marsilea quadrifolia,,,,,A,r,sv,,I+,X,,,FM
Matricaria discoidea,7.0,5.0,6.0,7.0,T,h,s,r,SC,AF,B`,se,OM
Matricaria recutita,7.0,5.0,7.0,7.0,H,h,s,r,,,B`,in,FM
Matteuccia struthiopteris,4.0,7.0,7.0,7.0,C,g,sv,cs,,,,,FM
Matthiola incana,9.0,3.0,8.0,2.0,T,h,s,cr,SC,AFXF,B,se,FM
Medicago falcata,,,,,H,r,sv,cs,,,H,in,OM
Medicago lupulina,7.0,4.0,7.0,4.0,H,h,sv,csr,SC,AF,H,se,OM
Medicago minima,9.0,3.0,7.0,2.0,H,h,s,sr,SC,AO,H,se,OM
Medicago polymorpha,9.0,4.0,5.0,5.0,T,r,s,r,SC,AF,H,se,OM
Melampyrum arvense,7.0,3.0,8.0,3.0,T,r,s,cr,SC,XF,Hh,in,NM
Melampyrum cristatum,6.0,3.0,7.0,2.0,T,r,s,cr,SC,AFXF,Hh,se,NM
Melampyrum nemorosum,,,,,T,r,s,cr,SC,AFXF,Hh,se,FM
Melampyrum pratense,5.0,5.0,2.0,2.0,T,r,s,cr,SC,AF,Hh,se,FM
Melampyrum sylvaticum,4.0,5.0,2.0,2.0,T,r,s,cr,SC,AFXF,Hh,se,NM
Melica altissima,,,,,H,h,sv,c,,,W,wi,OM
Melica ciliata,,,,,H,h,sv,cs,,,W,wi,OM
Melica nutans,4.0,4.0,6.0,3.0,G,h,sv,cs,,,W,wi,FM
Melica transsilvanica,,,,,H,h,sv,cs,,,W,wi,OM
Melica uniflora,3.0,5.0,6.0,5.0,G,h,sv,c,,,W,wi,FM
Melilotus albus,9.0,3.0,7.0,4.0,H,r,s,cr,SC,AF,H,se,OM
Melilotus indicus,9.0,4.0,7.0,6.0,T,r,s,r,SC,AF,H,se,OM
Melilotus officinalis,,,,,H,r,s,cr,SC,X,H,se,OM
Melissa officinalis,6.0,4.0,7.0,5.0,H,r,sv,c,SC,AFXF,H,se,OM
Melittis melissophyllum,5.0,4.0,6.0,3.0,H,r,sv,c,SC,XF,HhFn,in,FM
Mentha aquatica,7.0,8.0,7.0,5.0,H,r,sv,cs,SC,XF,BD,in,FM
Mentha arvensis,6.0,7.0,5.0,6.0,H,r,sv,c,SC,XF,BD,in,FM
Mentha longifolia,,,,,H,r,sv,c,SC,XF,BD,in,OM
Mentha pulegium,8.0,7.0,5.0,6.0,H,r,sv,csr,SC,XF,BD,in,OM
Mentha spicata,7.0,8.0,7.0,7.0,H,r,sv,c,SC,XF,BD,in,OM
Menyanthes trifoliata,7.0,10.0,4.0,3.0,A,r,vvs,cs,SI,X,B,se,FM
Mercurialis annua,7.0,4.0,7.0,7.0,T,r,s,r,SC,X,W,wi,OM
Mercurialis perennis,2.0,5.0,7.0,7.0,G,r,sv,cs,,X,W,wi,FM
Milium effusum,4.0,5.0,5.0,5.0,H,r,sv,cs,SC,AFXF,W,wi,FM
Mimulus guttatus,7.0,9.0,6.0,6.0,H,r,sv,cs,SC,XF,H,se,FM
Minuartia hybrida,9.0,3.0,8.0,3.0,T,r,s,sr,SC,AFXF,AB,se,OM
Minuartia verna,8.0,4.0,7.0,1.0,C,r,s,s,SC,AFXF,AB,se,NM
Moehringia trinervia,4.0,5.0,6.0,6.0,H,r,s,csr,SC,AF,AB,se,NM
Molinia arundinacea,,,,,H,g,ssv,cs,I+,X,W,wi,FM
Molinia caerulea,6.0,7.0,3.0,2.0,H,g,ssv,cs,I+,X,W,wi,OM
Moneses uniflora,4.0,5.0,4.0,1.0,C,g,sv,s,SC,AFXF,BD,se,OM
Monotropa hypopitys,3.0,5.0,4.0,2.0,G,r,sv,,SC,AO,BHh,se,OM
Montia fontana,7.0,9.0,4.0,3.0,H,r,sv,sr,SC,AO,A,pk,FM
Muscari botryoides,,,,,G,r,sv,csr,I+,X,Hb,se,OM
Muscari comosum,7.0,3.0,7.0,4.0,G,g,sv,csr,,,Hb,in,OM
Muscari neglectum,7.0,3.0,7.0,4.0,G,g,sv,csr,,,Hb,in,OM
Muscari tenuiflorum,,,,,G,g,s,csr,,,Hb,se,OM
Mycelis muralis,4.0,5.0,6.0,5.0,H,h,s,csr,SC,AF,B`,se,FM
Myosotis alpestris,8.0,4.0,8.0,2.0,H,h,s,csr,SC,AF,B,se,FM
Myosotis arvensis,6.0,5.0,5.0,6.0,H,h,s,r,SC,AF,B,se,FM
Myosotis decumbens,,,,,H,h,sv,csr,,,B,se,FM
Myosotis discolor,7.0,4.0,4.0,2.0,H,h,s,sr,,,B,se,OM
Myosotis laxa,7.0,9.0,6.0,5.0,H,h,s,csr,,,B,se,OM
Myosotis ramosissima,8.0,2.0,6.0,1.0,H,h,s,sr,,,B,se,FM
Myosotis scorpioides,6.0,8.0,5.0,5.0,H,h,sv,csr,I+,X,B,se,FM
Myosotis sparsiflora,,,,,H,h,s,r,SC,AF,B,se,OM
Myosotis sylvatica,6.0,5.0,6.0,5.0,H,h,sv,csr,SC,AF,B,se,FM
Myosoton aquaticum,6.0,8.0,7.0,8.0,G,r,sv,cs,SC,AFXF,AB,se,FM
Myosurus minimus,8.0,6.0,6.0,5.0,T,g,s,r,SC,AF,A,se,OM
Myrica gale,8.0,9.0,3.0,2.0,N,r,vvs,cs,,X,W,wi,FM
Myriophyllum alterniflorum,7.0,12.0,5.0,3.0,A,r,vvs,,,,W,wi,FM
Myriophyllum spicatum,5.0,12.0,7.0,7.0,A,r,vvs,,,,W,wi,NM
Myrrhis odorata,7.0,5.0,7.0,7.0,H,h,s,c,SC,XF,A,in,OM
Najas minor,,,,,A,r,sv,,SC,AFXF,Hy,wa,NM
Narcissus poeticus,,,,,G,g,sv,csr,,,F,se,OM
Narcissus pseudonarcissus,7.0,5.0,6.0,5.0,G,g,vvs,csr,SI,X,Hh,in,OM
Narcissus radiiflorus,,,,,G,g,sv,csr,,,F,se,OM
Nardus stricta,7.0,6.0,2.0,2.0,H,g,vvs,cs,,,W,wi,OM
Narthecium ossifragum,8.0,9.0,2.0,1.0,H,h,vvs,csr,SC,AF,Po,wi,FM
Nasturtium officinale,7.0,10.0,7.0,7.0,C,r,sv,cs,SC,AO,AB,se,NM
Neottia nidus-avis,2.0,4.0,7.0,5.0,G,r,sv,,SC,AFXF,AB,se,OM
Nepeta cataria,7.0,4.0,7.0,6.0,C,r,s,c,SC,X,H,in,OM
Neslia paniculata,6.0,4.0,7.0,4.0,T,h,s,r,SC,AO,AB,se,NM
Nicotiana rustica,,,,,T,h,s,cr,SC,AO,B,se,OM
Nicotiana tabacum,,,,,T,h,s,cr,SC,AF,F,se,OM
Nigritella nigra,,,,,G,h,s,csr,SC,,F,in,OM
Nuphar lutea,7.0,11.0,7.0,6.0,A,g,sv,,SC,XF,AB,in,NM
Nuphar pumila,7.0,11.0,4.0,2.0,A,g,sv,,SC,XF,AB,in,NM
Nymphaea alba,7.0,11.0,6.0,4.0,A,g,sv,,SC,AF,AB,se,NM
Nymphoides peltata,8.0,11.0,7.0,6.0,A,g,sv,,C+,AFXF,B,in,NM
Odontites luteus,,,,,T,r,s,r,,,H,se,OM
Odontites vernus,6.0,5.0,6.0,5.0,T,r,s,r,SC,AFXF,H,se,NM
Odontites vulgaris,,,,,T,r,s,r,SC,AFXF,H,se,FM
Oenanthe aquatica,7.0,10.0,7.0,6.0,A,h,sv,cs,SC,AFXF,A,se,NM
Oenanthe fistulosa,7.0,9.0,7.0,5.0,A,h,sv,cs,SC,AFXF,A,in,OM
Oenanthe lachenalii,8.0,8.0,8.0,5.0,H,h,s,cs,SC,AFXF,A,se,OM
Oenothera biennis,9.0,4.0,6.0,4.0,H,h,s,cr,SC,AO,FnH,se,OM
Oenothera glazioviana,9.0,3.0,6.0,4.0,H,h,s,cr,SC,XF,FnH,se,OM
Onobrychis arenaria,,,,,H,r,s,cs,,,H,in,OM
Onobrychis viciifolia,7.0,3.0,8.0,3.0,H,r,s,c,I+,X,H,se,OM
Ononis arvensis,,,,,H,r,sv,cs,SC,AFXF,Hb,in,OM
Ononis natrix,,,,,H,r,s,cs,SC,AFXF,Hb,in,OM
Ononis repens,8.0,4.0,6.0,2.0,H,r,s,cs,SC,AFXF,Hb,in,OM
Ononis spinosa,8.0,4.0,7.0,3.0,H,r,s,cs,SC,AFXF,Hb,in,OM
Onopordum acanthium,8.0,4.0,6.0,7.0,H,h,s,cr,,,B`,in,FM
Ophioglossum vulgatum,6.0,7.0,7.0,2.0,G,r,sv,csr,SC,I,,,OM
Ophrys apifera,7.0,4.0,8.0,2.0,G,h,s,csr,SC,AO,Hb,se,OM
Ophrys insectifera,7.0,4.0,8.0,2.0,G,h,s,csr,SC,XF,Hb,in,OM
Ophrys sphegodes,8.0,4.0,9.0,3.0,G,h,s,csr,SC,XF,Hb,in,OM
Orchis coriophora,,,,,G,h,s,csr,SC,XF,Hb,in,OM
Orchis mascula,6.0,4.0,7.0,3.0,G,h,s,csr,SC,XF,BHh,in,OM
Orchis militaris,7.0,3.0,8.0,2.0,G,h,sv,csr,SC,XF,B,in,OM
Orchis morio,,,,,G,h,s,csr,SC,XF,BHh,in,OM
Orchis palustris,,,,,G,h,s,csr,SC,XF,B,in,OM
Orchis purpurea,5.0,4.0,8.0,3.0,G,h,ssv,csr,SC,XF,BHh,in,OM
Orchis simia,8.0,3.0,8.0,2.0,G,h,s,csr,SC,X,B,in,OM
Orchis tridentata,,,,,G,h,s,csr,SC,XF,BHb,in,OM
Orchis ustulata,,,,,G,h,s,csr,SC,XF,F,in,OM
Oreochloa disticha,,,,,H,g,s,csr,,,W,wi,FM
Origanum vulgare,6.0,3.0,7.0,3.0,H,r,sv,csr,SC,XF,B,in,OM
Ornithogalum angustifolium,6.0,3.0,6.0,4.0,G,g,vvs,csr,SI,X,AB,in,OM
Ornithogalum nutans,6.0,4.0,7.0,7.0,G,g,sv,csr,,,AB,se,OM
Ornithogalum pyrenaicum,4.0,5.0,6.0,5.0,G,g,ssv,,,,AB,se,OM
Ornithogalum umbellatum,,,,,G,g,vvs,csr,I+,X,AB,se,FM
Orobanche ramosa,,,,,T,r,s,,SC,AFXF,H,se,FM
Orthilia secunda,4.0,5.0,5.0,2.0,C,r,sv,s,SC,AFXF,B,se,FM
Osmunda regalis,5.0,8.0,4.0,4.0,G,g,s,c,I+,X,,,FM
Oxalis acetosella,1.0,5.0,4.0,4.0,G,r,sv,csr,SC,AF,BD,se,FM
Oxalis corniculata,7.0,4.0,6.0,5.0,H,r,sv,r,SC,AF,B,se,OM
Oxyria digyna,7.0,6.0,5.0,3.0,H,h,sv,csr,,,W,wi,FM
Panicum capillare,8.0,4.0,6.0,6.0,T,h,s,cr,SC,,W,wi,FM
Panicum miliaceum,8.0,4.0,6.0,6.0,T,h,s,cr,SC,AFXF,W,wi,OM
Papaver rhoeas,6.0,4.0,7.0,6.0,H,h,s,cr,SI,X,Po,in,FM
Papaver somniferum,7.0,4.0,7.0,6.0,T,h,s,cr,I+,X,Po,se,NM
Parietaria judaica,6.0,3.0,7.0,5.0,H,r,s,csr,,,W,wi,FM
Paris quadrifolia,3.0,6.0,7.0,6.0,G,r,vvs,csr,SC,AFXF,Dt,wi,FM
Parnassia palustris,8.0,8.0,7.0,2.0,H,h,sv,csr,,X,Dt,in,FM
Parthenocissus inserta,6.0,5.0,7.0,7.0,N,r,s,c,SC,AFXF,A,in,OM
Pastinaca sativa,7.0,4.0,7.0,5.0,H,h,s,c,SC,AFXF,A,in,OM
Paulownia tomentosa,,,,,M,r,s,c,,,Hh,in,OM
Pedicularis oederi,,,,,H,h,s,csr,,,Hh,se,NM
Pedicularis palustris,7.0,8.0,5.0,2.0,H,h,s,cs,SC,XF,Hh,se,NM
Pedicularis sceptrum-carolinum,,,,,H,h,s,cs,,,Hh,se,NM
Pedicularis sylvatica,7.0,7.0,1.0,2.0,H,h,s,csr,SC,X,Hh,se,NM
Pedicularis verticillata,,,,,H,h,s,csr,,,Hh,in,FM
Persicaria amphibia,7.0,10.0,6.0,4.0,H,r,vvs,cs,SI,X,B,in,FM
Persicaria hydropiper,7.0,7.0,5.0,6.0,T,r,s,cr,SC,AO,B,se,FM
Persicaria lapathifolia,6.0,6.0,6.0,7.0,T,r,s,cr,SC,AO,B,se,FM
Persicaria maculosa,6.0,5.0,6.0,7.0,T,r,s,cr,SC,AO,B,se,FM
Petasites albus,4.0,5.0,5.0,5.0,H,g,sv,cs,,X,B`,in,FM
Petasites hybridus,6.0,7.0,7.0,7.0,H,g,sv,cs,,X,B`,in,FM
Petasites spurius,,,,,H,g,sv,cs,,X,B`,in,OM
Petroselinum crispum,,,,,H,h,s,cr,SC,XF,A,in,FM
Peucedanum alsaticum,,,,,H,h,s,c,SC,XF,A,in,OM
Peucedanum officinale,7.0,4.0,8.0,2.0,H,h,sv,c,SC,XF,A,in,OM
Peucedanum ostruthium,,,,,H,h,sv,c,SC,XF,A,in,OM
Peucedanum palustre,7.0,9.0,5.0,4.0,H,h,ssv,cs,SC,XF,A,in,OM
Phacelia tanacetifolia,8.0,5.0,7.0,7.0,T,r,s,r,SC,AFXF,H,se,OM
Phalaris arundinacea,7.0,8.0,7.0,7.0,G,r,sv,c,SI,X,W,wi,FM
Phaseolus coccineus,,,,,T,r,s,,C+,AF,H,se,OM
Phaseolus vulgaris,,,,,T,r,s,,SC,AO,H,se,OM
Phegopteris connectilis,2.0,6.0,3.0,5.0,G,r,sv,cs,,,,,FM
Philadelphus coronarius,,,,,N,r,ssv,c,SI,X,HF,in,FM
Phleum alpinum,7.0,5.0,4.0,4.0,H,h,sv,csr,SI,X,W,wi,OM
Phleum arenarium,9.0,3.0,5.0,3.0,H,h,s,sr,,,W,wi,NM
Phleum hirsutum,,,,,H,h,sv,cs,,,W,wi,OM
Phleum phleoides,,,,,H,h,ssv,csr,SI,X,W,wi,FM
Phleum pratense,7.0,5.0,6.0,6.0,H,h,ssv,c,C+,X,W,wi,OM
Phlomis tuberosa,,,,,H,h,sv,c,SC,XF,H,in,OM
Phlox paniculata,,,,,H,r,sv,c,SC,AFXF,F,in,OM
Phragmites australis,,,,,A,r,vvs,cs,I+,X,W,wi,FM
Phyllitis scolopendrium,,,,,H,g,s,cs,,,,,OM
Physalis alkekengi,5.0,6.0,8.0,7.0,G,r,sv,c,SC,AFXF,B,se,OM
Phyteuma hemisphaericum,,,,,H,h,sv,csr,SI,X,,se,FM
Phyteuma orbiculare,7.0,4.0,7.0,3.0,H,h,s,csr,SI,X,,se,OM
Phyteuma spicatum,5.0,5.0,6.0,5.0,H,h,s,csr,SI,X,,se,FM
Picea abies,-5.0,6.0,4.0,4.0,M,r,s,c,SI,X,W,wi,OM
Picea pungens,,,,,M,r,s,c,SI,X,W,wi,OM
Picris echioides,,,,,T,h,s,csr,SC,X,B`,se,OM
Picris hieracioides,8.0,4.0,7.0,3.0,H,h,s,csr,SI,X,B`,se,OM
Pieris floribunda,,,,,N,r,s,,SC,AFXF,B,in,OM
Pilularia globulifera,8.0,9.0,4.0,2.0,A,r,sv,,,X,,,FM
Pimpinella major,7.0,5.0,7.0,6.0,H,h,s,c,SC,XF,A,in,FM
Pimpinella saxifraga,7.0,3.0,6.0,2.0,H,h,s,cs,SC,XF,A,in,FM
Pinellia ternata,,,,,G,g,sv,,,,Dke,in,OM
Pinguicula alpina,,,,,G,g,sv,s,SC,XF,Dkl,in,NM
Pinguicula vulgaris,8.0,8.0,6.0,2.0,G,g,sv,s,SC,AF,Hb,se,FM
Pinus cembra,,,,,M,r,s,c,,XF,W,wi,OM
Pinus mugo,8.0,6.0,4.0,3.0,M,r,s,c,SC,X,W,wi,OM
Pinus nigra,-7.0,3.0,8.0,2.0,M,r,s,c,I+,X,W,wi,OM
Pinus strobus,,,,,M,r,s,c,,XF,W,wi,OM
Pinus sylvestris,-7.0,5.0,2.0,2.0,M,r,s,c,C+,X,W,wi,FM
Pinus uncinata,,,,,M,r,s,c,,XF,W,wi,OM
Pisum sativum,,,,,T,r,s,cr,SC,AO,H,se,OM
Plantago atrata,,,,,H,g,s,csr,,,Wb,wi,OM
Plantago coronopus,8.0,6.0,6.0,4.0,H,g,s,s,,,Wb,wi,OM
Plantago lanceolata,6.0,5.0,6.0,4.0,H,g,ssv,csr,I+,X,Wb,wi,OM
Plantago major,7.0,5.0,6.0,6.0,H,g,ssv,csr,SC,XF,Wb,wi,OM
Plantago maritima,8.0,7.0,6.0,4.0,H,g,s,s,SI,X,Wb,wi,OM
Plantago media,7.0,4.0,7.0,3.0,H,g,sv,csr,I+,X,Wb,wi,OM
Platanthera bifolia,6.0,5.0,6.0,2.0,G,h,s,csr,SC,XF,Fn,in,OM
Platanthera chlorantha,5.0,5.0,7.0,4.0,G,h,s,csr,SC,XF,Fn,in,OM
Poa alpina,7.0,5.0,6.0,3.0,H,h,sv,cs,SC,AFXF,W,wi,FM
Poa angustifolia,7.0,4.0,6.0,3.0,H,h,sv,cs,SC,AFXF,W,wi,OM
Poa annua,7.0,5.0,6.0,7.0,H,h,ssv,r,SC,AF,W,wi,FM
Poa badensis,,,,,H,h,s,csr,SC,AFXF,W,wi,FM
Poa bulbosa,8.0,3.0,5.0,2.0,H,h,v,sr,SC,AFXF,W,wi,OM
Poa compressa,9.0,3.0,7.0,3.0,H,r,sv,csr,SC,AFXF,W,wi,FM
Poa glauca,7.0,5.0,6.0,3.0,H,h,sv,,SC,AFXF,W,wi,OM
Poa nemoralis,4.0,5.0,5.0,4.0,H,r,sv,csr,SC,AFXF,W,wi,FM
Poa palustris,6.0,8.0,6.0,6.0,H,h,sv,cs,SC,AFXF,W,wi,FM
Poa pratensis,6.0,5.0,6.0,6.0,H,h,sv,c,SC,AFXF,W,wi,FM
Poa trivialis,6.0,6.0,6.0,6.0,H,h,sv,csr,SC,AFXF,W,wi,FM
Polemonium caeruleum,5.0,5.0,7.0,6.0,H,h,ssv,csr,SC,XF,BHb,in,OM
Polygala amara,,,,,C,h,s,csr,SC,AFXF,B,se,NM
Polygala amarella,8.0,6.0,8.0,1.0,C,h,s,csr,SC,AFXF,B,se,FM
Polygala calcarea,,,,,C,h,s,csr,SC,AF,B,se,OM
Polygala chamaebuxus,,,,,S,r,sv,cs,SC,AFXF,B,in,FM
Polygala comosa,,,,,H,r,s,csr,SC,AFXF,BHb,se,OM
Polygala serpyllifolia,8.0,6.0,2.0,2.0,C,r,s,csr,SC,AF,B,se,OM
Polygala vulgaris,,,,,C,r,s,csr,SC,AF,B,se,OM
Polygonatum multiflorum,2.0,5.0,6.0,5.0,G,r,sv,csr,,,Hh,se,FM
Polygonatum odoratum,5.0,3.0,7.0,3.0,G,r,sv,csr,,,Hh,se,FM
Polygonatum verticillatum,4.0,5.0,4.0,5.0,G,r,sv,csr,SC,AF,H,se,FM
Polygonum aviculare,7.0,5.0,6.0,7.0,T,r,s,r,SC,AO,B,se,FM
Polypodium vulgare,5.0,4.0,2.0,2.0,C,r,sv,cs,SC,AO,,se,FM
Polypogon monspeliensis,8.0,8.0,7.0,6.0,T,h,s,,,,W,wi,FM
Polystichum aculeatum,3.0,5.0,6.0,5.0,C,g,s,cs,,,,,FM
Polystichum braunii,,,,,C,g,s,cs,,,,,FM
Polystichum lonchitis,6.0,5.0,7.0,3.0,H,g,s,cs,,,,,FM
Polystichum setiferum,3.0,5.0,5.0,5.0,C,g,s,cs,,,,,OM
Populus alba,-5.0,6.0,7.0,6.0,M,r,ssv,c,,X,W,wi,FM
Populus nigra,-5.0,8.0,7.0,7.0,M,r,ssv,c,,X,W,wi,OM
Populus tremula,-6.0,5.0,5.0,5.0,M,r,sv,c,,X,W,wi,OM
Populus trichocarpa,,,,,M,r,ssv,c,,X,W,wi,OM
Portulaca oleracea,7.0,4.0,7.0,7.0,T,r,s,r,SC,AO,AB,wi,FM
Potamogeton crispus,6.0,12.0,7.0,5.0,A,r,vvs,,SC,AFXF,W,wi,NM
Potamogeton gramineus,7.0,12.0,5.0,3.0,A,r,sv,,SC,XF,W,wi,NM
Potamogeton lucens,6.0,12.0,6.0,6.0,A,r,sv,,SC,XF,W,wi,NM
Potamogeton natans,6.0,11.0,6.0,4.0,A,r,vvs,,SC,XF,W,wi,FM
Potamogeton pectinatus,6.0,12.0,7.0,7.0,A,r,vvs,,SC,AFXF,W,wi,NM
Potamogeton perfoliatus,6.0,12.0,6.0,5.0,A,r,vvs,,SC,XF,W,wi,NM
Potamogeton polygonifolius,7.0,10.0,3.0,2.0,A,r,sv,,SC,XF,W,wi,NM
Potamogeton praelongus,7.0,12.0,7.0,4.0,A,r,sv,,SC,XF,W,wi,NM
Potentilla anglica,7.0,5.0,5.0,4.0,H,g,sv,cs,,,AB,in,OM
Potentilla anserina,7.0,6.0,7.0,6.0,H,g,sv,csr,SI,X,AB,in,OM
Potentilla argentea,8.0,2.0,3.0,1.0,H,h,s,cs,SC,AF,AB,se,OM
Potentilla aurea,,,,,H,h,sv,csr,,,AB,se,OM
Potentilla crantzii,7.0,4.0,7.0,2.0,H,h,sv,csr,,,AB,se,OM
Potentilla erecta,6.0,7.0,3.0,2.0,H,r,sv,csr,SI,X,AB,in,FM
Potentilla fruticosa,8.0,6.0,8.0,2.0,N,r,ssv,c,,,AB,se,OM
Potentilla palustris,,,,,C,r,sv,cs,C+,AFXF,AB,se,FM
Potentilla recta,8.0,3.0,5.0,2.0,H,h,ssv,cs,SC,XF,AB,se,OM
Potentilla reptans,6.0,5.0,7.0,5.0,H,g,sv,csr,,,AB,in,OM
Potentilla rupestris,7.0,4.0,6.0,2.0,H,h,ssv,cs,SC,AFXF,AB,se,OM
Potentilla sterilis,,,,,H,h,sv,csr,,,AB,se,OM
Potentilla supina,,,,,H,h,s,sr,,,AB,in,OM
Potentilla tabernaemontani,,,,,H,h,sv,csr,,,AB,se,OM
Primula auricula,,,,,H,g,sv,csr,I+,X,Ft,in,OM
Primula elatior,4.0,5.0,7.0,6.0,H,g,sv,csr,I+,X,HhFt,in,OM
Primula farinosa,8.0,8.0,8.0,2.0,H,g,sv,csr,I+,X,Ft,in,OM
Primula minima,,,,,H,g,sv,s,SI,X,Ft,se,FM
Primula veris,7.0,4.0,7.0,3.0,H,g,sv,csr,I+,X,HhFt,in,FM
Primula vulgaris,5.0,5.0,6.0,4.0,H,g,sv,csr,SC,X,HhFt,in,OM
Prunella grandiflora,,,,,C,h,sv,csr,SC,XF,Hh,se,OM
Prunella vulgaris,7.0,5.0,6.0,4.0,C,r,sv,csr,SC,X,H,se,FM
Prunus armeniaca,,,,,M,r,s,c,SC,AFXF,AB,in,OM
Prunus avium,-4.0,5.0,6.0,5.0,M,r,s,c,SI,X,AB,se,OM
Prunus cerasifera,6.0,5.0,7.0,6.0,M,r,s,c,I+,X,AB,in,OM
Prunus cerasus,6.0,5.0,7.0,5.0,M,r,ssv,c,SC,XF,AB,se,OM
Prunus domestica,6.0,5.0,7.0,5.0,M,r,ssv,c,SC,X,AB,se,FM
Prunus fruticosa,,,,,N,r,ssv,cs,,,AB,in,OM
Prunus mahaleb,7.0,3.0,8.0,2.0,M,r,s,c,,,AB,in,OM
Prunus padus,-5.0,6.0,6.0,6.0,M,r,ssv,c,,,AB,se,OM
Prunus persica,,,,,M,r,s,c,SC,XF,AB,se,OM
Prunus serotina,-6.0,5.0,4.0,4.0,M,r,ssv,c,SI,X,AB,wi,OM
Prunus spinosa,6.0,4.0,7.0,5.0,N,r,sv,c,,,AB,se,FM
Prunus virginiana,,,,,M,r,ssv,c,,,AB,in,OM
Pseudognaphalium luteoalbum,,,,,H,h,s,r,,,B`,in,OM
Pseudolysimachion spicatum,,,,,C,r,vvs,csr,SC,AFXF,B,se,OM
Pseudorchis albida,8.0,5.0,2.0,2.0,G,h,s,csr,SC,AFXF,B,se,OM
Pseudotsuga menziesii,4.0,5.0,5.0,5.0,M,r,s,c,C+,AFXF,W,wi,OM
Pteridium aquilinum,6.0,5.0,3.0,3.0,G,r,sv,c,SC,XF,,,FM
Puccinellia distans,8.0,6.0,7.0,4.0,H,h,sv,s,SI,X,W,wi,FM
Puccinellia limosa,,,,,H,h,s,s,,,W,wi,OM
Puccinellia maritima,9.0,8.0,7.0,6.0,H,h,sv,s,I+,X,W,wi,FM
Pulicaria dysenterica,7.0,7.0,7.0,4.0,H,r,sv,cs,,,B`,in,OM
Pulmonaria mollis,,,,,H,h,sv,csr,SI,X,H,in,OM
Pulmonaria obscura,,,,,H,h,sv,csr,SI,X,H,in,OM
Pulmonaria officinalis,4.0,5.0,7.0,6.0,H,h,sv,csr,SI,X,B,in,FM
Pulsatilla alpina,,,,,H,h,sv,csr,,,B,se,OM
Pulsatilla patens,,,,,H,g,sv,csr,SC,XF,B,se,OM
Pulsatilla pratensis,,,,,H,g,s,csr,C+,X,B,in,OM
Pulsatilla vulgaris,7.0,2.0,7.0,2.0,H,g,sv,csr,C+,XF,BHb,se,FM
Pyrola chlorantha,,,,,H,g,sv,s,SC,AFXF,B,se,OM
Pyrola media,4.0,4.0,4.0,2.0,H,g,sv,s,SC,AO,B,se,OM
Pyrola minor,5.0,5.0,3.0,2.0,H,g,sv,s,SC,AO,B,se,FM
Pyrola rotundifolia,4.0,5.0,5.0,3.0,H,g,sv,s,SC,AF,BD,se,OM
Pyrus communis,6.0,5.0,7.0,5.0,M,r,ssv,c,SI,X,ABDe,in,OM
Pyrus pyraster,6.0,4.0,7.0,5.0,M,r,ssv,c,SI,X,ABDe,in,OM
Quercus cerris,-6.0,4.0,6.0,4.0,M,r,s,c,SI,X,W,wi,OM
Quercus petraea,-6.0,5.0,3.0,4.0,M,r,s,c,SI,X,W,wi,OM
Quercus pubescens,,,,,M,r,s,c,SI,X,W,wi,OM
Quercus robur,-7.0,5.0,5.0,4.0,M,r,s,c,I+,X,W,wi,OM
Quercus rubra,5.0,5.0,6.0,5.0,M,r,s,c,SI,X,W,wi,OM
Ranunculus acris,7.0,6.0,6.0,4.0,H,h,s,c,SI,X,AB,in,OM
Ranunculus alpestris,,,,,H,h,sv,s,,,AB,se,OM
Ranunculus aquatilis,,,,,A,r,sv,,SC,AFXF,AB,se,OM
Ranunculus arvensis,,,,,T,h,s,r,SC,XF,AB,se,OM
Ranunculus bulbosus,7.0,3.0,7.0,3.0,G,h,s,csr,SI,X,AB,in,OM
Ranunculus cassubicus,,,,,H,h,sv,,SC,AF,AB,se,OM
Ranunculus ficaria,,,,,G,h,vvs,csr,,,AB,in,FM
Ranunculus flammula,7.0,9.0,3.0,2.0,H,h,sv,csr,I+,X,AB,se,FM
Ranunculus fluitans,7.0,12.0,7.0,6.0,A,r,sv,,SC,AO,AB,se,NM
Ranunculus glacialis,,,,,H,h,sv,s,,,AB,se,FM
Ranunculus lingua,7.0,10.0,6.0,6.0,H,r,sv,cs,SI,X,AB,se,FM
Ranunculus montanus,,,,,H,h,sv,csr,SI,X,AB,se,OM
Ranunculus nemorosus,,,,,H,h,sv,cs,SI,X,AB,in,OM
Ranunculus polyanthemos,,,,,H,h,sv,cs,SI,X,AB,in,OM
Ranunculus repens,,,,,H,h,sv,csr,I+,X,AB,se,FM
Ranunculus reptans,8.0,9.0,6.0,2.0,H,h,sv,s,C+,X,AB,in,OM
Ranunculus sardous,8.0,7.0,6.0,7.0,H,h,s,sr,SI,X,AB,se,OM
Ranunculus sceleratus,8.0,8.0,7.0,8.0,T,h,s,sr,SI,X,AB,in,FM
Raphanus raphanistrum,6.0,5.0,4.0,6.0,T,h,s,cr,SI,X,AB,se,NM
Raphanus sativus,,,,,H,h,s,cr,C+,X,AB,se,FM
Reseda alba,,,,,H,h,s,cr,,,AB,in,NM
Reseda lutea,7.0,3.0,7.0,5.0,H,h,s,csr,I+,X,AB,in,FM
Reseda luteola,7.0,4.0,8.0,6.0,H,h,s,cs,SC,XF,AB,se,FM
Rhamnus cathartica,7.0,4.0,8.0,4.0,N,r,s,c,,X,ADe,in,FM
Rhinanthus angustifolius,7.0,6.0,7.0,2.0,T,r,s,csr,SC,XF,Hh,se,FM
Rhinanthus minor,7.0,4.0,5.0,3.0,T,r,s,csr,SC,AFXF,Hh,se,FM
Rhodiola rosea,,,,,H,r,s,csr,SC,X,AB,se,FM
Rhododendron ferrugineum,,,,,N,r,sv,cs,SC,XF,Hh,se,OM
Rhododendron hirsutum,,,,,N,r,s,cs,SC,AFXF,Hh,se,OM
Rhododendron luteum,,,,,N,r,s,,SC,XF,F,in,FM
Rhodothamnus chamaecistus,,,,,S,r,s,cs,SC,AFXF,A,se,OM
Rhus coriaria,,,,,N,r,s,,,X,A,in,NM
Rhynchospora alba,8.0,9.0,2.0,1.0,G,h,sv,s,SC,XF,W,wi,NM
Ribes alpinum,5.0,5.0,7.0,6.0,N,r,s,c,,X,B,in,FM
Ribes aureum,,,,,N,r,s,c,SI,X,B,in,OM
Ribes nigrum,4.0,7.0,6.0,5.0,N,r,s,c,I+,X,B,se,OM
Ribes rubrum,4.0,7.0,6.0,6.0,N,r,s,c,,,AB,se,OM
Ribes spicatum,4.0,6.0,7.0,6.0,N,r,s,c,,,B,se,OM
Ribes uva-crispa,4.0,5.0,6.0,6.0,N,r,sv,c,,,B,se,OM
Robinia pseudoacacia,-5.0,4.0,6.0,6.0,M,r,sv,c,,,H,in,OM
Roegneria canina,,,,,H,r,sv,c,SC,AF,W,wi,OM
Rorippa amphibia,7.0,10.0,7.0,8.0,H,h,sv,cs,SI,X,AB,se,NM
Rorippa palustris,7.0,8.0,6.0,7.0,H,h,sv,cr,SC,AO,AB,se,NM
Rosa arvensis,5.0,4.0,6.0,5.0,N,r,sv,c,SI,X,Po,se,OM
Rosa canina,7.0,4.0,7.0,4.0,N,r,s,c,SC,AF,Po,se,OM
Rosa glauca,,,,,N,r,s,c,SC,AFXF,Po,se,OM
Rosa majalis,,,,,N,r,sv,c,I+,X,Po,in,OM
Rosa mollis,5.0,3.0,7.0,2.0,N,r,sv,c,SC,AFXF,Po,se,OM
Rosa multiflora,,,,,N,r,s,c,SI,X,Po,in,FM
Rosa pendulina,,,,,N,r,sv,c,C+,XF,Po,in,OM
Rosa rubiginosa,7.0,3.0,8.0,3.0,N,r,s,c,SC,AFXF,Po,se,OM
Rosa rugosa,8.0,5.0,7.0,6.0,N,r,sv,c,SC,X,Po,in,OM
Rubus allegheniensis,,,,,P,r,sv,c,SC,XF,B,se,OM
Rubus caesius,6.0,6.0,7.0,6.0,P,r,sv,c,SC,XF,B,se,OM
Rubus chamaemorus,9.0,7.0,1.0,1.0,P,r,vvs,cs,,X,B,in,FM
Rubus hirtus,,,,,P,r,sv,c,SC,XF,B,se,OM
Rubus idaeus,6.0,5.0,5.0,5.0,P,r,sv,c,SI,X,BH,se,FM
Rubus nessensis,,,,,P,r,sv,c,SC,XF,B,se,OM
Rubus odoratus,,,,,P,r,sv,c,SI,X,B,in,OM
Rubus phoenicolasius,,,,,P,r,sv,c,,,B,in,OM
Rubus plicatus,,,,,P,r,sv,c,SC,XF,B,se,OM
Rubus saxatilis,6.0,5.0,7.0,4.0,P,r,sv,csr,SI,X,BH,in,OM
Rubus ulmifolius,,,,,P,r,sv,c,SC,XF,B,se,OM
Rubus vestitus,,,,,P,r,sv,c,SC,XF,B,se,OM
Rudbeckia hirta,7.0,4.0,7.0,5.0,H,r,s,cr,SI,X,B`,in,OM
Rudbeckia laciniata,7.0,8.0,7.0,7.0,H,r,sv,c,,,B`,in,OM
Rumex acetosa,7.0,5.0,5.0,4.0,H,h,sv,c,,X,Wb,wi,FM
Rumex acetosella,7.0,3.0,2.0,2.0,G,h,sv,csr,,X,Wb,wi,FM
Rumex alpinus,7.0,6.0,6.0,8.0,H,h,sv,c,,,Wb,wi,FM
Rumex conglomeratus,7.0,7.0,7.0,7.0,H,h,s,c,SC,AF,Wb,wi,NM
Rumex crispus,7.0,6.0,6.0,6.0,H,h,sv,c,C+,AFXF,Wb,wi,FM
Rumex hydrolapathum,7.0,10.0,7.0,6.0,H,h,ssv,cs,,,Wb,wi,NM
Rumex longifolius,7.0,5.0,7.0,7.0,H,h,s,c,,,Wb,wi,FM
Rumex obtusifolius,7.0,5.0,6.0,8.0,H,h,ssv,c,C+,XF,Wb,wi,FM
Rumex palustris,7.0,8.0,7.0,8.0,H,h,s,sr,,,Wb,wi,NM
Rumex scutatus,8.0,4.0,7.0,3.0,C,h,sv,csr,,,Wb,wi,FM
Rumex thyrsiflorus,,,,,H,h,s,c,,X,Wb,wi,NM
Ruta graveolens,,,,,C,r,s,cs,,,A,se,OM
Sagina apetala,9.0,4.0,6.0,3.0,T,r,s,r,SC,AO,AB,se,NM
Sagina maritima,9.0,7.0,7.0,4.0,T,r,s,sr,SC,AO,AB,se,OM
Sagina procumbens,7.0,5.0,5.0,5.0,C,h,s,csr,SC,AO,AB,se,NM
Sagina subulata,8.0,6.0,6.0,4.0,C,h,s,s,SC,AF,AB,se,NM
Sagittaria latifolia,7.0,10.0,7.0,7.0,A,g,sv,cs,SC,XF,Po,in,OM
Sagittaria sagittifolia,7.0,10.0,7.0,6.0,A,g,sv,cs,SC,AFXF,Po,in,FM
Salicornia europaea,9.0,8.0,8.0,6.0,T,r,s,s,SC,AF,Wb,wi,FM
Salix acutifolia,,,,,M,r,s,c,,X,AB,wi,OM
Salix alba,-5.0,7.0,7.0,7.0,M,r,s,c,,X,AB,in,FM
Salix aurita,6.0,8.0,4.0,3.0,N,r,s,c,,X,AB,in,FM
Salix caprea,7.0,6.0,6.0,6.0,M,r,s,c,,X,AB,in,OM
Salix cinerea,6.0,8.0,5.0,4.0,N,r,sv,c,,X,AB,in,OM
Salix daphnoides,-6.0,7.0,7.0,4.0,M,r,sv,c,,X,AB,in,OM
Salix dasyclados,,,,,N,r,s,c,,X,AB,in,OM
Salix fragilis,6.0,8.0,7.0,7.0,M,r,sv,c,,X,AB,in,OM
Salix hastata,,,,,N,r,s,cs,,X,AB,in,OM
Salix herbacea,7.0,5.0,3.0,2.0,S,r,vvs,s,,X,AB,wi,OM
Salix myrsinifolia,6.0,7.0,5.0,4.0,M,r,s,c,,X,AB,in,OM
Salix myrtilloides,,,,,S,r,sv,cs,,X,AB,in,FM
Salix purpurea,8.0,8.0,7.0,5.0,M,r,s,c,,X,AB,in,OM
Salix repens,8.0,7.0,5.0,2.0,N,r,sv,c,,X,AB,in,OM
Salix reticulata,7.0,6.0,8.0,3.0,S,r,sv,cs,,X,AB,in,OM
Salix retusa,,,,,S,r,sv,cs,,X,AB,in,OM
Salix rosmarinifolia,,,,,N,r,sv,cs,,X,AB,in,OM
Salix triandra,7.0,8.0,7.0,5.0,M,r,s,c,,X,AB,in,OM
Salix viminalis,,,,,M,r,sv,cs,,X,AB,in,OM
Salsola kali,9.0,6.0,7.0,8.0,T,r,s,sr,SC,AFXF,Wb,wi,FM
Salvia glutinosa,4.0,6.0,7.0,7.0,H,r,s,cs,SC,XF,Hh,in,OM
Salvia nemorosa,,,,,H,r,s,cs,SC,XF,H,in,OM
Salvia officinalis,,,,,S,r,s,cs,SC,XF,H,in,OM
Salvia pratensis,7.0,3.0,8.0,4.0,H,h,ssv,csr,SC,XF,Hh,se,OM
Salvia verticillata,7.0,4.0,7.0,5.0,H,r,ssv,csr,SC,XF,H,in,OM
Salvinia natans,,,,,A,r,sv,,,X,,,FM
Sambucus nigra,6.0,5.0,6.0,7.0,M,r,s,c,SC,AF,Po,se,FM
Sambucus racemosa,6.0,5.0,5.0,7.0,N,r,s,c,SC,AF,PoDe,se,FM
Samolus valerandi,7.0,8.0,7.0,5.0,H,h,sv,s,SC,AF,Po,se,OM
Sanguisorba minor,7.0,3.0,7.0,3.0,H,h,ssv,csr,,X,W,wi,OM
Sanguisorba officinalis,7.0,6.0,6.0,5.0,H,h,sv,cs,,,AB,se,OM
Sanicula europaea,3.0,5.0,7.0,5.0,H,g,sv,csr,SC,AFXF,A,ge,OM
Saponaria officinalis,7.0,5.0,6.0,5.0,H,r,sv,c,SC,AF,Fn,se,NM
Satureja hortensis,,,,,T,r,s,r,SC,XF,B,in,OM
Saussurea alpina,8.0,6.0,6.0,3.0,H,h,sv,csr,,,B`,in,OM
Saussurea pygmaea,,,,,H,h,sv,csr,,,B`,in,OM
Saxifraga aizoides,8.0,9.0,6.0,2.0,C,r,sv,s,SC,AFXF,ADe,se,FM
Saxifraga bryoides,,,,,C,h,sv,s,SC,XF,ADe,in,NM
Saxifraga cymbalaria,,,,,H,h,s,sr,SC,AFXF,A,se,FM
Saxifraga granulata,7.0,4.0,5.0,3.0,H,h,vvs,csr,SC,XF,AB,in,FM
Saxifraga hirculus,8.0,9.0,6.0,2.0,H,r,sv,s,SC,XF,A,in,NM
Saxifraga moschata,,,,,C,h,sv,s,SC,XF,ADe,se,NM
Saxifraga oppositifolia,8.0,5.0,8.0,2.0,C,r,ssv,s,SC,XF,FHb,se,FM
Saxifraga paniculata,7.0,3.0,8.0,2.0,C,h,sv,csr,SC,XF,ADe,in,FM
Saxifraga stellaris,8.0,8.0,5.0,3.0,C,h,sv,s,SC,XF,ADe,se,FM
Scabiosa columbaria,8.0,3.0,8.0,2.0,H,h,ssv,csr,SC,XF,B`,in,OM
Scabiosa lucida,,,,,H,h,ssv,csr,SC,XF,B`,in,OM
Scabiosa ochroleuca,,,,,H,h,s,csr,SC,XF,B`,se,OM
Scandix pecten-veneris,7.0,3.0,7.0,4.0,H,h,s,r,SC,AF,A,se,OM
Scheuchzeria palustris,9.0,9.0,1.0,1.0,G,h,sv,s,SC,XF,W,wi,NM
Schoenoplectus supinus,,,,,T,h,s,sr,SC,AFXF,W,wi,OM
Schoenoplectus tabernaemontani,,,,,A,r,sv,cs,SC,XF,W,wi,NM
Schoenus ferrugineus,8.0,8.0,7.0,2.0,H,r,sv,csr,SC,XF,W,wi,FM
Schoenus nigricans,8.0,8.0,7.0,2.0,H,r,sv,csr,SC,XF,W,wi,FM
Scilla siberica,,,,,G,r,sv,csr,SC,XF,AB,in,OM
Scirpoides holoschoenus,8.0,7.0,7.0,4.0,G,h,sv,cs,SC,AFXF,W,wi,NM
Scirpus cyperinus,,,,,H,h,sv,s,SC,AFXF,W,wi,OM
Scirpus sylvaticus,6.0,8.0,4.0,4.0,G,h,sv,cs,SC,XF,W,wi,NM
Scleranthus annuus,6.0,4.0,2.0,4.0,T,r,s,r,SC,AO,AB,se,FM
Scolochloa festucacea,,,,,A,r,sv,cs,,,W,wi,OM
Scorzonera humilis,7.0,7.0,5.0,2.0,H,h,s,csr,,,B`,ge,OM
Scorzonera purpurea,,,,,H,h,s,csr,,,B`,ge,OM
Scrophularia auriculata,7.0,8.0,7.0,7.0,H,r,sv,cs,,,BHw,se,OM
Scrophularia nodosa,4.0,6.0,6.0,6.0,H,r,sv,cs,SC,XF,Hw,in,FM
Scrophularia umbrosa,6.0,9.0,7.0,7.0,H,r,sv,cs,,,BHw,se,NM
Scrophularia vernalis,5.0,5.0,7.0,6.0,H,r,s,csr,,,BHw,se,NM
Scutellaria galericulata,6.0,8.0,6.0,5.0,H,r,sv,csr,SC,AF,HhF,se,FM
Securigera varia,7.0,4.0,7.0,3.0,H,r,ssv,c,I+,X,H,in,FM
Sedum acre,8.0,2.0,6.0,1.0,C,r,sv,s,SC,AFXF,AB,se,FM
Sedum album,8.0,2.0,6.0,1.0,C,r,sv,s,SC,XF,AB,se,FM
Sedum alpestre,,,,,C,r,sv,s,SC,AFXF,AB,se,NM
Sedum dasyphyllum,,,,,C,r,sv,s,SC,AFXF,AB,se,NM
Sedum forsterianum,,,,,C,r,sv,s,SC,AFXF,AB,se,NM
Sedum hispanicum,9.0,3.0,5.0,4.0,H,r,s,s,SC,AFXF,AB,se,NM
Sedum rubens,,,,,T,r,s,sr,SC,AFXF,AB,se,NM
Sedum sarmentosum,,,,,C,r,sv,,SC,AFXF,AB,se,OM
Sedum spurium,8.0,3.0,5.0,3.0,C,h,sv,s,SC,AFXF,AB,se,NM
Sedum telephium,7.0,5.0,7.0,5.0,G,r,s,cs,SC,AFXF,AB,se,NM
Selaginella selaginoides,8.0,7.0,6.0,2.0,C,r,s,s,,X,,,OM
Sempervivum arachnoideum,,,,,C,h,vvs,s,SC,XF,B,se,NM
Sempervivum tectorum,8.0,2.0,4.0,4.0,C,h,vvs,s,SC,X,B,in,FM
Senecio erucifolius,7.0,3.0,7.0,4.0,H,h,sv,csr,SI,X,B`,in,OM
Senecio inaequidens,8.0,3.0,6.0,3.0,S,r,s,cs,,,B`,se,FM
Senecio incanus,,,,,H,h,sv,csr,,,B`,in,OM
Senecio jacobaea,7.0,4.0,6.0,4.0,H,h,ssv,c,SI,X,B`,in,FM
Senecio subalpinus,,,,,H,h,sv,cs,,,B`,se,OM
Senecio sylvaticus,7.0,5.0,5.0,6.0,H,h,s,cr,SC,AF,B`,se,FM
Senecio vernalis,7.0,4.0,6.0,6.0,H,h,s,r,,,B`,in,OM
Senecio viscosus,8.0,3.0,6.0,4.0,H,h,s,sr,SC,AF,B`,se,OM
Senecio vulgaris,7.0,5.0,6.0,7.0,H,r,s,r,SC,AF,B`,se,FM
Serratula tinctoria,6.0,6.0,6.0,2.0,H,h,sv,c,,,B`,in,OM
Seseli libanotis,7.0,4.0,8.0,3.0,H,h,s,c,SC,XF,A,in,OM
Sesleria albicans,,,,,H,g,s,cs,I+,XF,W,wi,FM
Setaria italica,8.0,4.0,7.0,7.0,T,h,s,cr,SC,AF,W,wi,OM
Setaria pumila,7.0,4.0,5.0,6.0,T,h,ssv,r,SC,AO,W,se,OM
Setaria verticillata,7.0,4.0,6.0,7.0,T,h,ssv,cr,SC,AO,W,se,OM
Setaria viridis,7.0,4.0,6.0,6.0,T,h,s,r,SC,AFXF,W,wi,FM
Sherardia arvensis,6.0,4.0,6.0,4.0,H,r,s,r,SC,X,F,se,OM
Sibbaldia procumbens,8.0,5.0,4.0,3.0,H,h,sv,s,SC,XF,AD,se,FM
Sigesbeckia serrata,,,,,T,r,s,cr,,,B`,se,OM
Silaum silaus,7.0,5.0,7.0,3.0,H,h,s,c,SC,XF,A,in,OM
Silene acaulis,8.0,5.0,6.0,1.0,C,r,s,s,SC,XF,FHh,se,FM
Silene chlorantha,,,,,H,h,s,csr,SC,AFXF,Fn,in,NM
Silene dioica,5.0,6.0,6.0,7.0,H,h,ssv,c,SC,X,Ft,in,FM
Silene latifolia,7.0,4.0,7.0,6.0,H,h,ssv,c,SC,X,Fn,in,NM
Silene noctiflora,,,,,H,h,s,r,SC,AF,Fn,se,NM
Silene nutans,6.0,3.0,6.0,3.0,H,h,ssv,csr,SC,XF,Fn,se,FM
Silene otites,8.0,2.0,7.0,2.0,H,h,s,s,SC,X,FD,in,OM
Silene rupestris,,,,,H,h,s,csr,SC,XF,Fn,se,NM
Silene vulgaris,6.0,4.0,6.0,4.0,C,r,s,csr,SC,XF,FHh,se,NM
Sinapis alba,7.0,4.0,7.0,6.0,T,r,s,cr,SI,X,A,in,NM
Sinapis arvensis,7.0,5.0,7.0,6.0,T,r,s,cr,SI,X,A,se,FM
Sisymbrium altissimum,8.0,4.0,6.0,4.0,H,h,s,cr,SC,AO,AB,se,NM
Sisymbrium irio,8.0,3.0,7.0,5.0,H,h,s,r,SC,XF,AB,se,OM
Sisymbrium loeselii,7.0,4.0,7.0,5.0,H,h,s,cr,SC,AFXF,AB,se,FM
Sisymbrium officinale,7.0,4.0,7.0,7.0,H,h,s,cr,SC,AO,AB,se,FM
Sisymbrium orientale,7.0,4.0,7.0,5.0,H,h,s,cr,SC,AF,AB,se,FM
Sium latifolium,7.0,10.0,7.0,7.0,H,h,sv,cs,SC,XF,A,ge,FM
Solanum dulcamara,6.0,8.0,6.0,7.0,S,r,sv,c,SC,AFXF,Po,in,FM
Solanum nigrum,7.0,5.0,7.0,8.0,T,r,s,r,SC,AF,Po,se,FM
Solanum tuberosum,,,,,G,r,sv,cr,SC,X,Po,se,OM
Soldanella alpina,,,,,H,g,sv,s,SI,XF,Hb,se,FM
Solidago canadensis,7.0,5.0,6.0,6.0,H,r,sv,c,I+,X,B`,in,FM
Solidago gigantea,7.0,5.0,5.0,6.0,H,r,sv,c,,,B`,in,OM
Solidago graminifolia,,,,,H,r,sv,c,I+,X,B`,in,OM
Solidago virgaurea,5.0,5.0,4.0,3.0,H,r,sv,c,SI,X,B`,se,OM
Sonchus arvensis,7.0,5.0,7.0,6.0,H,h,sv,cr,SI,X,B`,se,FM
Sonchus asper,7.0,5.0,7.0,6.0,H,h,s,cr,SC,AF,B`,se,FM
Sonchus oleraceus,7.0,4.0,7.0,7.0,H,h,s,cr,SC,AO,B`,se,OM
Sorbaria sorbifolia,,,,,N,r,s,c,SC,XF,AB,se,OM
Sorbus aria,6.0,4.0,7.0,3.0,M,r,s,c,,,AB,in,OM
Sorbus aucuparia,-6.0,5.0,3.0,4.0,M,r,s,c,I+,X,ABDe,in,FM
Sorbus domestica,,,,,M,r,sv,c,SC,XF,AB,se,OM
Sorbus intermedia,6.0,6.0,8.0,7.0,M,r,s,c,,,AB,in,OM
Sorbus torminalis,-4.0,4.0,6.0,4.0,M,r,ssv,c,,,AB,in,OM
Sorghum halepense,8.0,6.0,7.0,7.0,G,h,sv,c,SC,X,W,se,FM
Sparganium angustifolium,7.0,11.0,3.0,1.0,A,h,sv,cs,SC,XF,W,wi,NM
Sparganium emersum,7.0,10.0,6.0,6.0,A,h,sv,cs,SC,XF,W,wi,NM
Sparganium erectum,7.0,10.0,7.0,7.0,A,h,vvs,cs,SC,XF,Wb,wi,FM
Spartina anglica,9.0,9.0,8.0,6.0,G,r,vvs,,C+,XF,W,wi,NM
Spartina pectinata,,,,,H,r,sv,,,,W,wi,OM
Spergula arvensis,6.0,4.0,3.0,5.0,T,r,s,sr,SC,AO,AB,se,FM
Spergularia media,7.0,7.0,7.0,5.0,H,r,s,s,SC,AF,AB,se,FM
Spergularia rubra,7.0,3.0,3.0,2.0,H,r,s,r,SC,AO,AB,se,NM
Spergularia salina,,,,,H,r,s,s,SC,AO,AB,se,FM
Spiraea japonica,,,,,N,r,s,c,SC,,AB,in,FM
Spiraea media,,,,,N,r,s,c,SC,,AB,in,OM
Spiraea salicifolia,7.0,8.0,5.0,5.0,N,r,sv,c,SC,,AB,se,NM
Spiraea tomentosa,,,,,N,r,s,c,SC,,AB,in,OM
Spiranthes aestivalis,,,,,G,h,sv,csr,SC,AFXF,BHh,in,OM
Spiranthes spiralis,7.0,4.0,5.0,2.0,G,h,sv,csr,SC,XF,BHh,in,OM
Spirodela polyrhiza,7.0,11.0,6.0,6.0,A,r,v,,SC,AF,W,wi,OM
Sporobolus cryptandrus,,,,,H,h,s,,SC,AO,W,se,OM
Stachys germanica,7.0,3.0,7.0,5.0,H,r,s,cs,SC,XF,H,in,OM
Stachys palustris,7.0,7.0,7.0,6.0,G,r,sv,c,SC,AFXF,H,se,OM
Stachys recta,7.0,3.0,8.0,2.0,H,r,s,csr,SC,XF,H,in,NM
Stachys sylvatica,4.0,6.0,7.0,7.0,H,r,sv,cs,SC,AFXF,H,se,FM
Staphylea pinnata,5.0,5.0,8.0,4.0,N,r,s,c,,,AB,se,NM
Stellaria alsine,5.0,8.0,4.0,4.0,H,r,sv,csr,SC,AO,AB,se,NM
Stellaria graminea,6.0,5.0,4.0,3.0,H,r,sv,cs,SC,AFXF,AB,se,FM
Stellaria holostea,5.0,5.0,6.0,5.0,C,r,sv,csr,SC,AF,AB,se,FM
Stellaria media,6.0,5.0,6.0,7.0,H,r,s,cr,SC,AF,AB,se,FM
Stellaria nemorum,4.0,6.0,5.0,7.0,H,r,sv,csr,SC,XF,AB,se,FM
Stellaria pallida,7.0,4.0,4.0,4.0,H,r,s,r,SC,AO,AB,se,FM
Stellaria palustris,5.0,8.0,4.0,2.0,H,r,sv,csr,SC,AF,AB,se,NM
Stipa capillata,,,,,H,h,ssv,cs,SC,AF,W,wi,OM
Stipa pennata,,,,,H,h,ssv,cs,SC,AF,W,wi,OM
Stipa pulcherrima,,,,,H,h,ssv,cs,SC,AFXF,W,wi,OM
Stipa splendens,,,,,H,h,ssv,cs,,,W,wi,OM
Stipa tirsa,,,,,H,h,ssv,cs,SC,AF,W,wi,OM
Suaeda maritima,9.0,8.0,8.0,6.0,T,r,s,s,SC,AF,Wb,wi,FM
Succisa pratensis,7.0,7.0,5.0,2.0,H,h,ssv,cs,SC,XF,B`,se,OM
Swertia perennis,,,,,H,h,sv,csr,SC,XF,B,se,OM
Symphoricarpos albus,5.0,5.0,6.0,7.0,N,r,sv,c,SC,AFXF,B,se,OM
Symphytum officinale,7.0,7.0,7.0,8.0,H,h,ssv,c,,,Hh,se,FM
Symphytum tuberosum,4.0,5.0,6.0,6.0,H,r,sv,csr,,,Hh,se,FM
Syringa vulgaris,7.0,4.0,7.0,6.0,M,r,sv,c,,X,B,se,OM
Tamus communis,6.0,5.0,7.0,6.0,G,r,s,c,,X,B,in,OM
Tanacetum balsamita,,,,,H,h,sv,c,,,B`,in,OM
Tanacetum parthenium,7.0,4.0,7.0,6.0,C,h,s,csr,,,B`,in,FM
Tanacetum vulgare,7.0,5.0,7.0,5.0,H,h,ssv,c,,,B`,in,FM
Taxus baccata,-4.0,4.0,7.0,5.0,M,r,s,c,,X,W,wi,OM
Telekia speciosa,5.0,7.0,7.0,7.0,H,h,sv,cs,,,B`,in,FM
Teucrium botrys,9.0,2.0,8.0,2.0,H,r,s,sr,SC,AFXF,H,se,OM
Teucrium chamaedrys,7.0,2.0,8.0,1.0,S,r,sv,csr,SC,XF,Hh,se,OM
Teucrium montanum,,,,,S,r,s,csr,SC,XF,H,in,OM
Teucrium scordium,7.0,8.0,7.0,4.0,H,r,sv,csr,SC,XF,H,se,OM
Teucrium scorodonia,6.0,4.0,2.0,3.0,C,r,sv,csr,SC,XF,H,se,OM
Thalictrum aquilegiifolium,,,,,H,r,sv,c,,,Po,wi,OM
Thalictrum lucidum,,,,,H,h,sv,cs,,,PoWb,wi,OM
Thalictrum minus,6.0,3.0,6.0,3.0,H,h,sv,cs,,,Wb,wi,OM
Thalictrum simplex,,,,,H,r,sv,cs,,,Wb,wi,OM
Thelypteris palustris,5.0,8.0,5.0,5.0,G,r,sv,cs,SI,X,,,FM
Thesium alpinum,,,,,H,r,s,csr,SC,AFXF,B,se,NM
Thlaspi arvense,6.0,4.0,7.0,6.0,H,h,s,r,SC,AO,AB,se,FM
Thlaspi caerulescens,,,,,C,h,s,csr,SC,AFXF,AB,se,OM
Thlaspi montanum,,,,,C,h,s,cs,SC,AF,AB,se,OM
Thlaspi perfoliatum,,,,,H,h,s,sr,SC,AF,AB,se,NM
Thuja orientalis,,,,,M,r,s,c,,,W,wi,OM
Thymus pulegioides,7.0,4.0,6.0,1.0,S,r,ssv,csr,SC,XF,B,in,OM
Thymus serpyllum,7.0,2.0,4.0,1.0,S,r,sv,csr,SC,XF,B,se,OM
Thymus vulgaris,,,,,S,r,s,csr,SC,XF,B,se,OM
Tilia cordata,-5.0,5.0,6.0,5.0,M,r,ssv,c,I+,XF,A,wi,FM
Tilia platyphyllos,-4.0,5.0,7.0,6.0,M,r,s,c,SI,X,A,wi,FM
Tofieldia calyculata,,,,,H,h,sv,cs,SC,XF,AB,se,OM
Tofieldia pusilla,8.0,9.0,7.0,2.0,H,h,sv,s,SC,AFXF,AB,se,FM
Torilis arvensis,7.0,4.0,7.0,4.0,H,h,s,cr,SC,AF,A,se,OM
Torilis japonica,6.0,5.0,7.0,7.0,H,h,s,c,SC,XF,A,in,OM
Tragopogon dubius,,,,,H,h,s,csr,SC,AFXF,B`,se,OM
Tragopogon orientalis,,,,,H,h,s,csr,SC,AFXF,B`,se,OM
Tragopogon pratensis,7.0,4.0,7.0,5.0,H,h,s,csr,SC,AFXF,B`,se,OM
Tragus racemosus,8.0,3.0,6.0,6.0,T,h,s,r,,,W,wi,OM
Trichomanes speciosum,1.0,7.0,2.0,2.0,H,r,v,,,,,,NM
Trichophorum alpinum,,,,,H,r,sv,cs,SC,XF,W,wi,NM
Trichophorum cespitosum,8.0,8.0,1.0,1.0,H,r,sv,cs,SC,XF,W,wi,FM
Trientalis europaea,4.0,6.0,3.0,2.0,G,r,vvs,s,C+,X,Po,se,FM
Trifolium alexandrinum,,,,,T,r,s,cr,SI,X,H,in,OM
Trifolium alpestre,,,,,H,r,sv,csr,SI,X,H,in,OM
Trifolium arvense,8.0,3.0,2.0,1.0,H,r,s,sr,SC,AF,H,se,OM
Trifolium aureum,7.0,4.0,4.0,2.0,H,h,s,csr,SC,AFXF,H,se,OM
Trifolium badium,,,,,H,h,s,s,SC,AFXF,H,se,OM
Trifolium campestre,8.0,4.0,6.0,3.0,H,r,s,r,SC,AF,H,se,OM
Trifolium dubium,6.0,4.0,6.0,4.0,H,r,s,r,SC,AFXF,H,se,OM
Trifolium fragiferum,8.0,7.0,7.0,6.0,H,h,ssv,csr,C+,XF,H,se,FM
Trifolium hybridum,7.0,5.0,7.0,5.0,H,h,s,c,SI,X,H,in,FM
Trifolium incarnatum,8.0,2.0,5.0,2.0,H,r,s,cr,SC,XF,H,se,OM
Trifolium medium,7.0,4.0,6.0,3.0,H,r,sv,c,SI,X,H,in,OM
Trifolium montanum,,,,,H,h,s,csr,,,H,in,OM
Trifolium pratense,,,,,H,h,s,c,SI,X,Hh,in,FM
Trifolium repens,,,,,H,h,sv,csr,I+,X,Hb,in,OM
Trifolium resupinatum,8.0,6.0,7.0,5.0,T,r,s,cr,SC,AFXF,H,se,FM
Trifolium spadiceum,,,,,H,r,s,csr,,,H,in,OM
Triglochin maritimum,,,,,H,g,sv,s,SI,X,W,wi,FM
Triglochin palustre,,,,,H,g,sv,s,,,W,wi,NM
Trigonella foenum-graecum,,,,,T,r,s,cr,,,H,in,OM
Tripleurospermum maritimum,8.0,5.0,6.0,6.0,H,h,s,cr,SI,X,B`,in,OM
Tripleurospermum perforatum,,,,,H,h,s,cr,SC,X,B`,in,OM
Trisetum flavescens,7.0,4.0,6.0,4.0,H,h,ssv,csr,I+,X,W,wi,OM
Trisetum spicatum,,,,,H,h,sv,csr,SC,AF,W,wi,FM
Triticum aestivum,,,,,H,h,s,cr,SC,AO,W,se,FM
Trollius europaeus,7.0,7.0,6.0,4.0,H,h,sv,c,I+,X,B,in,OM
Tropaeolum majus,,,,,T,r,s,r,SC,XF,H,in,OM
Tuberaria guttata,9.0,2.0,5.0,1.0,T,h,s,sr,SC,AO,Po,se,OM
Tulipa gesneriana,,,,,G,r,vvs,csr,SI,X,Po,in,OM
Tussilago farfara,7.0,6.0,6.0,6.0,H,g,sv,csr,,,B`,ge,FM
Typha angustifolia,8.0,10.0,7.0,7.0,A,h,sv,cs,SC,AF,W,wi,FM
Typha latifolia,8.0,10.0,7.0,7.0,A,h,sv,cs,SC,AF,W,wi,FM
Ulex europaeus,7.0,5.0,3.0,2.0,N,r,s,c,,X,H,in,OM
Ulmus glabra,-4.0,5.0,7.0,6.0,M,r,s,c,SC,AFXF,W,wi,FM
Ulmus laevis,-4.0,7.0,7.0,7.0,M,r,ssv,c,SI,X,W,wi,FM
Urtica dioica,5.0,6.0,7.0,8.0,C,r,sv,c,SC,X,W,wi,FM
Urtica urens,7.0,5.0,6.0,8.0,T,r,s,r,,,W,wi,NM
Utricularia minor,8.0,12.0,4.0,2.0,A,r,vvs,,SC,AFXF,DsB,in,NM
Vaccaria hispanica,7.0,2.0,8.0,3.0,T,h,s,sr,SC,XF,Ft,se,NM
Vaccinium macrocarpon,,,,,H,r,vvs,cs,SC,AFXF,B,se,OM
Vaccinium myrtillus,5.0,5.0,2.0,2.0,S,r,vvs,cs,SC,AF,BHb,se,OM
Vaccinium oxycoccos,7.0,9.0,2.0,1.0,H,r,vvs,cs,SC,AFXF,B,wi,OM
Vaccinium uliginosum,6.0,6.0,1.0,2.0,S,r,sv,cs,SC,AF,BHb,se,OM
Vaccinium vitis-idaea,5.0,4.0,2.0,1.0,S,r,vvs,cs,SC,AFXF,BHb,se,OM
Valeriana dioica,7.0,8.0,5.0,2.0,H,h,sv,csr,SC,X,B`,in,NM
Valeriana officinalis,6.0,7.0,6.0,5.0,H,h,sv,c,SC,X,B`,in,FM
Valerianella locusta,,,,,H,h,s,r,SC,AF,B,se,OM
Vallisneria spiralis,,,,,A,g,v,,,X,Hy,wa,OM
Verbascum lychnitis,7.0,3.0,7.0,3.0,H,h,s,cs,,,Po,se,FM
Verbascum nigrum,7.0,4.0,6.0,6.0,H,h,s,c,SI,X,Po,in,OM
Verbascum phlomoides,8.0,4.0,7.0,6.0,H,h,s,c,SI,X,Po,in,OM
Verbascum phoeniceum,7.0,3.0,7.0,2.0,H,h,s,csr,I+,X,Po,in,OM
Verbascum sinuatum,,,,,H,h,s,,,,Po,se,OM
Verbascum thapsus,7.0,4.0,7.0,5.0,H,h,s,c,SC,AFXF,Po,se,OM
Verbena officinalis,8.0,5.0,7.0,6.0,H,h,s,cr,SC,AFXF,H,se,OM
Veronica agrestis,6.0,5.0,6.0,7.0,T,r,s,r,SC,AF,B,se,FM
Veronica alpina,8.0,6.0,5.0,2.0,G,r,sv,csr,SC,AF,B,se,FM
Veronica anagallis-aquatica,7.0,10.0,7.0,6.0,H,r,sv,csr,SC,AF,B,se,FM
Veronica arvensis,7.0,4.0,6.0,5.0,H,r,s,r,SC,AO,B,se,OM
Veronica beccabunga,6.0,10.0,6.0,6.0,A,r,sv,cs,,,B,se,FM
Veronica catenata,8.0,10.0,7.0,7.0,H,r,sv,cs,,,B,se,NM
Veronica chamaedrys,6.0,5.0,6.0,5.0,C,r,sv,csr,,,Ds,pk,FM
Veronica filiformis,7.0,5.0,5.0,7.0,H,r,vvs,csr,SI,X,B,in,OM
Veronica fruticans,8.0,5.0,7.0,2.0,S,r,sv,s,SC,AF,B,se,OM
Veronica hederifolia,6.0,5.0,7.0,6.0,H,r,s,r,SC,AF,B,se,OM
Veronica officinalis,5.0,4.0,3.0,4.0,C,r,sv,c,SI,X,B,se,FM
Veronica peregrina,8.0,7.0,7.0,6.0,H,r,s,r,SC,AO,B,se,FM
Veronica persica,6.0,5.0,7.0,7.0,H,r,s,r,SC,AF,B,se,OM
Veronica serpyllifolia,6.0,5.0,5.0,5.0,H,r,sv,csr,SC,AFXF,B,in,OM
Veronica teucrium,,,,,H,r,s,c,,,B,se,OM
Veronica urticifolia,,,,,C,r,sv,cs,,,Ds,in,OM
Veronica verna,8.0,2.0,4.0,1.0,H,r,s,sr,,,B,se,FM
Viburnum lantana,7.0,4.0,7.0,4.0,N,r,s,cs,SC,AF,ADe,se,OM
Viburnum opulus,6.0,6.0,6.0,6.0,N,r,s,c,SC,AFXF,ADe,se,OM
Vicia angustifolia,,,,,H,r,s,cr,SC,XF,H,se,OM
Vicia cassubica,,,,,H,r,ssv,cs,SC,AFXF,H,in,FM
Vicia cracca,7.0,5.0,6.0,5.0,H,r,ssv,c,SC,XF,H,in,OM
Vicia hirsuta,7.0,4.0,5.0,4.0,H,r,s,r,SC,AF,H,se,OM
Vicia sativa,7.0,4.0,7.0,4.0,H,r,s,cr,SC,XF,H,se,OM
Vicia sepium,6.0,5.0,6.0,5.0,H,r,ssv,c,SC,AFXF,H,se,OM
Vicia sylvatica,6.0,4.0,7.0,5.0,H,r,sv,c,SC,XF,H,in,OM
Vicia tenuifolia,7.0,3.0,8.0,2.0,H,r,ssv,c,SC,XF,H,in,OM
Vicia tetrasperma,6.0,4.0,5.0,5.0,H,r,s,r,SC,AF,H,se,OM
Vicia villosa,7.0,3.0,6.0,5.0,H,r,s,cr,C+,XF,H,in,OM
Vinca minor,4.0,5.0,7.0,6.0,C,r,sv,cs,I+,X,B,in,OM
Vincetoxicum hirundinaria,,,,,H,r,sv,cs,SI,X,Dkl,in,OM
Viola arvensis,6.0,4.0,6.0,6.0,H,h,s,r,SC,AO,Hb,se,FM
Viola biflora,,,,,H,h,sv,csr,SC,AFXF,Hb,se,OM
Viola calaminaria,,,,,H,r,sv,s,SC,AFXF,Hb,se,OM
Viola canina,7.0,4.0,3.0,2.0,H,r,ssv,csr,SC,XF,Hb,kl,FM
Viola collina,,,,,H,g,sv,csr,SC,AFXF,Hb,kl,OM
Viola elatior,,,,,H,r,ssv,cs,SC,AFXF,Hb,kl,OM
Viola epipsila,,,,,H,h,sv,csr,SC,AFXF,Hb,se,OM
Viola hirta,6.0,3.0,8.0,2.0,H,g,sv,csr,SC,AFXF,Hb,se,OM
Viola kitaibeliana,9.0,2.0,5.0,2.0,H,h,s,sr,SC,AO,Hb,se,FM
Viola mirabilis,,,,,H,h,vvs,csr,SC,AFXF,Hb,kl,OM
Viola montana,,,,,H,r,sv,csr,SC,AFXF,Hb,kl,OM
Viola odorata,5.0,5.0,7.0,7.0,H,h,sv,csr,SC,AFXF,Hb,kl,OM
Viola palustris,5.0,9.0,2.0,2.0,H,h,vvs,s,SC,AFXF,D,kl,FM
Viola reichenbachiana,3.0,5.0,7.0,5.0,H,h,sv,csr,SC,AF,Hb,se,FM
Viola riviniana,4.0,4.0,4.0,4.0,H,h,sv,csr,SC,AF,Hb,se,OM
Viola rupestris,6.0,3.0,8.0,2.0,H,h,s,csr,SC,AFXF,Hb,kl,OM
Viola tricolor,7.0,4.0,4.0,4.0,H,h,s,r,SC,AFXF,Hb,se,FM
Viola uliginosa,,,,,H,h,vvs,csr,SC,AFXF,Hb,in,FM
Viola wittrockiana,,,,,H,h,s,cr,SC,AFXF,Hb,se,OM
Virga strigosa,,,,,H,h,s,c,SC,AFXF,B`,in,OM
Viscum album,7.0,3.0,6.0,5.0,N,r,s,,,X,AD,in,NM
Vitis vinifera,6.0,5.0,7.0,6.0,N,r,s,c,SC,X,A,wi,OM
Vulpia bromoides,8.0,4.0,5.0,3.0,H,h,s,sr,SC,AO,W,wi,OM
Vulpia ciliata,9.0,2.0,7.0,2.0,H,h,s,,SC,AO,W,wi,OM
Vulpia myuros,8.0,2.0,4.0,1.0,H,h,s,sr,SC,AO,W,wi,OM
Woodsia alpina,7.0,4.0,4.0,2.0,H,g,sv,s,,,,,FM
Woodsia ilvensis,7.0,3.0,3.0,2.0,H,g,sv,s,,,,,FM
Xanthium spinosum,8.0,4.0,6.0,5.0,T,r,s,cr,SC,AFXF,W,wi,OM
Xanthium strumarium,8.0,5.0,7.0,6.0,T,r,s,cr,SC,AF,W,wi,OM
Zannichellia palustris,6.0,12.0,8.0,7.0,A,r,sv,,SC,AF,Hy,wa,OM
Zostera marina,6.0,12.0,8.0,6.0,A,h,vvs,,SC,XF,Hy,wa,NM
