ID,Title,Artist,Top Genre,Year,Beats Per Minute (BPM),Energy,Danceability,Loudness (dB),Liveness,Valence,Length (Duration),Acousticness,Speechiness,Popularity
794,Dance Monkey,Tones and I,australian pop,2019,98,59,82,-6,15,51,209,69,9,100
788,Memories,Maroon 5,pop,2019,91,32,76,-7,8,57,189,84,5,98
787,bad guy,Billie Eilish,electropop,2019,135,43,70,-11,10,56,194,33,38,95
1642,All I Want for Christmas Is You,Mariah Carey,dance pop,1994,150,63,34,-7,7,35,241,16,4,95
689,Believer,Imagine Dragons,modern rock,2017,125,78,78,-4,8,67,204,6,13,88
727,Shallow,Lady Gaga,dance pop,2018,96,39,57,-6,23,32,216,37,3,88
684,Perfect,Ed Sheeran,pop,2017,95,45,60,-6,11,17,263,16,2,87
688,Shape of You,Ed Sheeran,pop,2017,96,65,83,-3,9,93,234,58,8,87
746,High Hopes,Panic! At The Disco,baroque pop,2018,82,90,58,-3,6,68,191,19,6,87
530,All of Me,John Legend,neo mellow,2013,120,26,42,-7,13,33,270,92,3,86
707,Thunder,Imagine Dragons,modern rock,2017,168,82,61,-5,15,29,187,1,4,86
775,One Kiss (with Dua Lipa),Calvin Harris,dance pop,2018,124,86,79,-3,8,59,215,4,11,86
618,The Less I Know The Better,Tame Impala,australian psych,2015,117,74,64,-4,17,79,216,1,3,85
523,Wake Me Up,Avicii,big room,2013,124,78,53,-6,16,64,247,0,5,85
785,Last Christmas,Wham!,dance rock,2019,108,58,74,-9,18,94,265,19,3,85
773,Havana (feat. Young Thug),Camila Cabello,dance pop,2018,105,52,77,-4,13,39,217,18,3,85
752,Someone You Loved,Lewis Capaldi,pop,2018,110,41,50,-6,11,45,182,75,3,85
592,Stay With Me,Sam Smith,pop,2014,84,42,42,-6,11,18,173,59,4,84
418,Christmas Lights,Coldplay,permanent wave,2010,131,42,31,-9,8,24,242,13,3,84
740,Natural,Imagine Dragons,modern rock,2018,100,61,70,-6,8,22,189,22,4,84
31,The Scientist,Coldplay,permanent wave,2002,146,44,56,-7,11,21,310,73,2,84
462,Pumped Up Kicks,Foster The People,indie pop,2011,128,71,73,-6,10,97,240,14,3,84
1238,Every Breath You Take,The Police,album rock,1983,117,45,82,-10,7,74,254,54,3,84
1205,Africa,TOTO,album rock,1982,93,37,67,-18,5,73,296,26,3,84
706,Something Just Like This,The Chainsmokers,electropop,2017,103,64,62,-7,16,45,247,5,3,84
566,Thinking out Loud,Ed Sheeran,pop,2014,79,45,78,-6,18,59,282,47,3,84
399,Do They Know It's Christmas? - 1984 Version,Band Aid,electro,2004,115,64,60,-7,10,35,223,16,4,84
764,Youngblood,5 Seconds of Summer,boy band,2018,120,85,60,-5,12,15,203,2,46,84
578,Photograph,Ed Sheeran,pop,2014,108,38,61,-10,10,20,259,61,5,84
744,Bad Liar,Imagine Dragons,modern rock,2018,178,64,38,-7,37,8,261,7,7,83
620,Stressed Out,Twenty One Pilots,modern rock,2015,170,64,73,-6,6,65,202,5,14,83
645,Love Yourself,Justin Bieber,canadian pop,2015,100,38,61,-10,28,52,234,84,44,83
1316,Take on Me,a-ha,dance rock,1985,84,90,57,-8,9,88,225,2,5,83
1347,Livin' On A Prayer,Bon Jovi,glam metal,1986,123,89,53,-4,29,80,249,8,3,83
101,In the End,Linkin Park,alternative metal,2000,105,86,56,-6,21,40,217,1,6,83
497,Can't Hold Us - feat. Ray Dalton,Macklemore & Ryan Lewis,dance pop,2012,146,92,64,-4,9,85,258,3,8,83
709,Happier,Ed Sheeran,pop,2017,90,39,52,-7,14,24,208,54,3,83
1158,Back In Black,AC/DC,album rock,1980,188,70,31,-6,8,76,255,1,5,83
1453,Fairytale of New York (feat. Kirsty MacColl),The Pogues,celtic punk,1988,119,65,32,-6,24,47,272,50,3,83
1114,Highway to Hell,AC/DC,album rock,1979,116,91,57,-5,16,42,208,6,13,83
1603,Creep,Radiohead,alternative rock,1993,92,43,52,-10,13,10,239,1,4,82
601,Shut Up and Dance,WALK THE MOON,indie pop,2014,128,87,58,-4,26,62,199,1,6,82
697,Whatever It Takes,Imagine Dragons,modern rock,2017,135,66,67,-5,12,56,201,4,3,82
1000,Hotel California - 2013 Remaster,Eagles,album rock,1976,147,51,58,-9,6,61,391,1,3,82
944,Sweet Home Alabama,Lynyrd Skynyrd,album rock,1974,98,61,60,-12,9,89,284,18,3,82
1948,Here Comes The Sun - Remastered 2009,The Beatles,british invasion,1969,129,54,56,-10,18,39,186,3,3,82
885,"Rocket Man (I Think It's Going To Be A Long, Long Time)",Elton John,glam rock,1972,137,53,60,-9,9,34,282,43,3,82
613,Uptown Funk,Mark Ronson,dance pop,2015,115,61,86,-7,3,93,270,1,8,82
335,I'm Yours,Jason Mraz,acoustic pop,2008,151,46,69,-8,11,72,242,60,5,82
525,Do I Wanna Know?,Arctic Monkeys,garage rock,2013,85,53,55,-8,22,41,272,19,3,82
506,When I Was Your Man,Bruno Mars,dance pop,2012,73,28,61,-9,9,39,214,93,4,82
731,September,"Earth, Wind & Fire",disco,2018,126,83,69,-7,25,98,215,17,3,82
778,In My Blood,Shawn Mendes,canadian pop,2018,140,71,62,-7,13,49,211,6,7,82
10,Without Me,Eminem,detroit hip hop,2002,112,67,91,-3,24,66,290,0,7,82
240,Yellow,Coldplay,permanent wave,2000,173,66,43,-7,23,28,267,0,3,82
748,Shotgun,George Ezra,folk-pop,2018,116,74,67,-5,24,75,201,29,5,82
749,New Light,John Mayer,neo mellow,2018,124,69,83,-8,8,85,216,33,3,81
263,Numb,Linkin Park,alternative metal,2003,110,86,50,-4,64,24,186,0,4,81
1412,I Wanna Dance with Somebody (Who Loves Me),Whitney Houston,dance pop,1987,119,82,71,-9,9,87,291,21,5,81
760,Always Remember Us This Way,Lady Gaga,dance pop,2018,130,50,55,-6,76,30,210,30,4,81
1801,Californication,Red Hot Chili Peppers,alternative rock,1999,96,77,59,-3,13,33,330,0,3,81
1241,Sweet Dreams (Are Made of This) - Remastered,Eurythmics,dance pop,1983,125,71,69,-7,12,88,217,23,3,81
1270,Summer Of '69,Bryan Adams,album rock,1984,139,83,51,-6,7,77,216,2,4,81
676,Heathens,Twenty One Pilots,modern rock,2016,90,40,73,-9,11,55,196,8,3,81
487,Just Give Me a Reason (feat. Nate Ruess),P!nk,dance pop,2012,95,55,78,-7,13,44,243,35,5,81
1210,Billie Jean,Michael Jackson,pop,1982,117,65,92,-3,4,85,294,2,4,81
1497,Thunderstruck,AC/DC,album rock,1990,134,89,50,-5,22,26,293,0,4,81
21,Fix You,Coldplay,permanent wave,2005,138,42,21,-9,11,12,296,16,3,81
1525,Under the Bridge,Red Hot Chili Peppers,alternative rock,1991,85,35,56,-13,14,46,264,6,5,81
1528,Losing My Religion,R.E.M.,alternative rock,1991,126,86,67,-5,10,80,268,18,3,81
362,Feel Good Inc.,Gorillaz,alternative hip hop,2005,139,71,82,-7,61,77,223,1,18,80
113,How to Save a Life,The Fray,modern rock,2005,122,74,64,-4,10,36,263,27,4,80
1954,Fortunate Son,Creedence Clearwater Revival,album rock,1969,133,66,64,-8,15,66,141,20,4,80
193,The Real Slim Shady,Eminem,detroit hip hop,2000,105,66,95,-4,5,76,284,3,6,80
1911,Ain't No Mountain High Enough,Marvin Gaye,classic soul,1967,130,60,66,-11,18,80,152,43,3,80
573,"Happy - From ""Despicable Me 2""",Pharrell Williams,dance pop,2014,160,82,65,-5,9,96,233,22,18,80
1707,Wannabe,Spice Girls,dance pop,1996,110,86,77,-6,16,89,173,10,3,80
798,Despacito,Luis Fonsi,latin,2019,178,80,66,-5,7,84,229,20,15,80
1674,Gangsta's Paradise,Coolio,g funk,1995,80,51,65,-10,40,39,241,7,6,80
756,Faded,Alan Walker,electro house,2018,180,63,47,-5,11,16,212,3,5,80
288,Chop Suey!,System Of A Down,alternative metal,2001,127,93,42,-4,13,29,210,0,12,80
1034,Mr. Blue Sky,Electric Light Orchestra,album rock,1977,178,34,39,-10,25,48,303,65,3,80
1816,All Star,Smash Mouth,alternative rock,1999,104,87,73,-6,9,78,200,4,3,80
1360,You Give Love A Bad Name,Bon Jovi,glam metal,1986,123,96,54,-3,34,81,223,7,5,80
1192,Don't Stop Believin',Journey,album rock,1981,119,75,50,-9,45,51,251,13,4,80
1518,November Rain,Guns N' Roses,glam metal,1991,80,64,29,-9,11,23,536,2,3,80
710,Galway Girl,Ed Sheeran,pop,2017,100,88,62,-3,33,78,171,7,10,80
215,Driving Home for Christmas,Chris Rea,art rock,2007,180,66,50,-9,21,89,240,33,4,80
214,Can't Stop,Red Hot Chili Peppers,alternative rock,2002,91,94,62,-3,17,88,269,2,5,80
693,Sign of the Times,Harry Styles,dance pop,2017,120,60,52,-5,11,22,341,3,3,80
679,7 Years,Lukas Graham,danish pop,2016,120,47,77,-6,39,34,237,29,5,80
1324,Everybody Wants To Rule The World,Tears For Fears,art rock,1985,112,80,65,-12,10,54,251,35,5,80
1631,Zombie,The Cranberries,irish rock,1994,167,64,31,-9,37,31,306,2,3,80
169,Hey There Delilah,Plain White T's,neo mellow,2005,104,29,66,-11,11,30,233,87,3,80
549,Story of My Life,One Direction,boy band,2013,121,66,60,-6,12,29,245,23,5,80
1389,With Or Without You - Remastered,U2,irish rock,1987,110,43,54,-12,14,11,296,0,3,80
423,Just the Way You Are,Bruno Mars,dance pop,2010,109,84,64,-5,9,43,221,2,4,80
750,You Say,Lauren Daigle,ccm,2018,148,63,49,-7,9,8,275,68,3,80
271,Snow (Hey Oh),Red Hot Chili Peppers,alternative rock,2006,105,90,43,-4,12,60,335,12,5,80
1637,Basket Case,Green Day,modern rock,1994,85,94,44,-3,9,78,182,0,6,79
776,Nothing Breaks Like a Heart (feat. Miley Cyrus),Mark Ronson,dance pop,2018,114,79,60,-6,39,24,217,1,7,79
1887,Brown Eyed Girl,Van Morrison,classic rock,1967,151,58,49,-11,41,91,183,18,4,79
1298,Wake Me up Before You Go-Go,Wham!,dance rock,1984,82,57,62,-12,6,90,231,27,4,79
550,Royals,Lorde,art pop,2013,85,43,67,-10,13,34,190,12,12,79
236,Fireflies,Owl City,pop,2009,180,66,51,-7,12,46,228,3,4,79
692,Castle on the Hill,Ed Sheeran,pop,2017,135,83,46,-5,14,47,261,2,10,79
1242,I'm Still Standing,Elton John,glam rock,1983,177,90,50,-7,14,77,183,36,18,79
1821,All The Small Things,blink-182,pop punk,1999,149,90,43,-5,61,68,167,1,5,79
855,Tiny Dancer,Elton John,glam rock,1971,145,43,41,-11,15,28,377,38,3,79
1231,Should I Stay or Should I Go - Remastered,The Clash,classic rock,1982,113,83,74,-6,38,82,189,8,12,79
280,Hey Ya!,OutKast,atl hip hop,2003,80,97,73,-2,18,97,235,10,7,79
354,Sex on Fire,Kings of Leon,modern rock,2008,153,91,54,-6,14,37,203,0,5,79
1960,Come Together - Remastered 2009,The Beatles,british invasion,1969,165,38,53,-12,9,19,260,3,4,79
801,Let It Be - Remastered 2009,The Beatles,british invasion,1970,143,40,44,-8,11,41,243,63,3,79
840,Stairway to Heaven - Remaster,Led Zeppelin,album rock,1971,82,34,34,-12,12,20,483,58,3,79
375,Bad Romance,Lady Gaga,dance pop,2009,119,92,70,-4,8,71,295,0,4,79
434,Someone Like You,Adele,british soul,2011,135,33,56,-8,10,28,285,89,3,79
44,American Idiot,Green Day,modern rock,2004,186,99,38,-2,37,77,176,0,6,78
175,Halo,Beyoncé,dance pop,2008,80,72,51,-6,6,47,262,27,6,78
391,Bring Me To Life,Evanescence,alternative metal,2003,95,94,33,-3,24,30,236,1,7,78
358,How You Remind Me,Nickelback,alternative metal,2001,172,76,45,-5,10,54,224,0,3,78
841,Imagine - Remastered,John Lennon,album rock,1971,76,26,55,-12,9,17,188,91,3,78
311,Viva La Vida,Coldplay,permanent wave,2008,138,62,49,-7,11,42,242,9,3,78
623,Hymn for the Weekend,Coldplay,permanent wave,2015,90,74,49,-5,30,36,259,26,4,78
527,Hey Brother,Avicii,big room,2013,125,78,55,-5,8,46,255,3,4,78
1400,Everywhere - 2017 Remaster,Fleetwood Mac,album rock,1987,115,49,73,-11,9,73,227,26,3,78
1005,More Than a Feeling,Boston,album rock,1976,109,68,38,-8,5,29,285,0,3,78
1568,Killing In The Name,Rage Against The Machine,alternative metal,1992,89,83,47,-4,3,66,314,3,30,78
1849,Yesterday - Remastered 2009,The Beatles,british invasion,1965,97,18,33,-12,9,32,126,88,3,78
345,Chasing Cars,Snow Patrol,irish rock,2006,104,59,56,-5,13,14,268,21,3,78
1864,"Paint It, Black",The Rolling Stones,album rock,1966,159,80,46,-9,40,61,202,5,9,78
690,Human,Rag'n'Bone Man,neo soul,2017,75,71,60,-4,17,55,200,39,30,78
1806,Otherside,Red Hot Chili Peppers,alternative rock,1999,123,80,46,-3,8,51,255,0,6,78
439,Paradise,Coldplay,permanent wave,2011,140,59,45,-7,8,20,279,5,3,78
726,Lost on You,LP,la pop,2017,174,72,43,-6,9,69,268,10,4,78
1719,Bitter Sweet Symphony,The Verve,alternative rock,1997,171,92,36,-6,41,52,357,3,5,78
1582,What's Up?,4 Non Blondes,new wave pop,1992,134,56,56,-10,11,45,296,16,3,78
1161,You Shook Me All Night Long,AC/DC,album rock,1980,127,77,53,-6,39,76,210,0,6,78
1118,I Was Made For Lovin' You,KISS,album rock,1979,128,85,77,-6,7,87,271,21,4,78
563,A Sky Full of Stars,Coldplay,permanent wave,2014,125,64,55,-7,22,15,268,1,3,78
1087,Roxanne,The Police,album rock,1978,134,75,62,-9,5,66,192,4,36,78
712,Supermarket Flowers,Ed Sheeran,pop,2017,90,24,59,-11,9,26,221,91,4,78
1039,Three Little Birds,Bob Marley & The Wailers,reggae,1977,148,48,81,-10,5,62,180,1,6,78
757,High On Life (feat. Bonn),Martin Garrix,big room,2018,128,49,41,-6,11,37,231,1,3,78
1038,The Chain - 2004 Remaster,Fleetwood Mac,album rock,1977,152,67,55,-9,5,48,270,1,5,78
1829,Can't Help Falling in Love,Elvis Presley,adult standards,1961,100,29,40,-14,11,34,182,94,3,78
1953,Sweet Caroline,Neil Diamond,adult standards,1969,63,13,53,-16,24,58,204,61,3,78
633,Tennessee Whiskey,Chris Stapleton,contemporary country,2015,49,37,39,-11,8,51,293,21,3,78
915,Dream On,Aerosmith,album rock,1973,161,43,31,-10,33,22,267,39,3,78
670,24K Magic,Bruno Mars,dance pop,2016,107,80,82,-4,15,63,226,3,8,78
1277,Dancing In the Dark,Bruce Springsteen,classic rock,1984,149,94,53,-6,19,50,241,1,4,77
810,Immigrant Song - Remaster,Led Zeppelin,album rock,1970,113,93,56,-10,35,62,146,1,6,77
1722,"Take Me Home, Country Roads",John Denver,adult standards,1997,164,43,26,-13,19,55,198,55,3,77
540,Get Lucky (feat. Pharrell Williams & Nile Rodgers) - Radio Edit,Daft Punk,electro,2013,116,81,79,-9,10,86,248,4,4,77
1831,Stand by Me,Ben E. King,adult standards,1962,118,31,65,-9,7,61,180,57,4,77
1532,Knockin' On Heaven's Door,Guns N' Roses,glam metal,1991,132,74,50,-7,11,38,336,2,4,77
1531,One,U2,irish rock,1991,181,53,39,-9,16,33,276,25,4,77
9,Mr. Brightside,The Killers,modern rock,2004,148,92,36,-4,10,23,223,0,8,77
213,Wake Me up When September Ends,Green Day,modern rock,2004,105,81,55,-5,10,15,286,2,3,77
266,Drops of Jupiter,Train,dance pop,2001,79,64,47,-6,15,50,260,15,3,77
1043,Dust in the Wind,Kansas,album rock,1977,94,32,48,-11,11,39,206,37,3,77
265,Empire State Of Mind,JAY-Z,east coast hip hop,2009,174,96,49,-2,46,81,277,3,39,77
316,Superstition - Single Version,Stevie Wonder,adult standards,2002,100,63,63,-12,4,87,245,4,7,77
350,It's My Life,Bon Jovi,glam metal,2000,120,91,55,-4,35,54,224,3,5,77
805,Your Song,Elton John,glam rock,1970,128,32,55,-11,10,33,242,83,3,77
1850,(I Can't Get No) Satisfaction - Mono Version,The Rolling Stones,album rock,1965,136,86,72,-8,13,93,223,4,3,77
1830,Fly Me To The Moon (In Other Words),Frank Sinatra,adult standards,1962,119,26,67,-14,6,37,147,45,5,77
1252,Uptown Girl,Billy Joel,album rock,1983,129,94,70,-3,60,79,198,7,5,77
250,Back To Black,Amy Winehouse,british soul,2006,123,73,49,-3,10,34,240,12,4,77
1280,I Want to Know What Love Is - 1999 Remaster,Foreigner,album rock,1984,81,47,48,-10,13,42,305,19,3,77
1805,Scar Tissue,Red Hot Chili Peppers,alternative rock,1999,89,72,60,-5,11,55,216,8,3,77
466,Ni**as In Paris,JAY-Z,east coast hip hop,2011,140,86,79,-6,35,77,219,13,32,77
1574,I Will Always Love You,Whitney Houston,dance pop,1992,67,21,31,-13,8,11,271,84,4,77
567,Take Me to Church,Hozier,irish singer-songwriter,2014,129,66,57,-5,12,44,242,63,5,77
115,"Lose Yourself - From ""8 Mile"" Soundtrack",Eminem,detroit hip hop,2005,171,74,69,-5,36,6,326,1,26,77
889,A Horse with No Name,America,album rock,1972,123,51,65,-17,16,83,252,69,5,77
1926,All Along the Watchtower,Jimi Hendrix,album rock,1968,113,81,44,-6,8,56,241,0,6,77
1115,"Another Brick in the Wall, Pt. 2",Pink Floyd,album rock,1979,104,39,69,-16,25,72,239,8,4,77
1191,In The Air Tonight - 2015 Remastered,Phil Collins,mellow gold,1981,190,24,45,-14,7,30,336,55,3,77
65,Kryptonite,3 Doors Down,alternative metal,2000,99,87,55,-6,17,54,234,1,3,77
548,Mirrors,Justin Timberlake,dance pop,2013,77,51,57,-7,9,51,484,23,5,77
1501,Wind Of Change,Scorpions,album rock,1990,152,52,45,-10,10,25,312,32,4,77
964,Bohemian Rhapsody - 2011 Mix,Queen,glam rock,1975,144,40,39,-10,24,23,354,29,5,77
1956,Bad Moon Rising,Creedence Clearwater Revival,album rock,1969,179,77,51,-6,6,94,142,6,3,77
1434,Fast Car,Tracy Chapman,folk,1988,104,29,71,-16,13,19,297,31,4,77
846,Baba O'Riley,The Who,album rock,1971,117,72,49,-8,29,15,300,31,4,77
1125,How Deep Is Your Love,Bee Gees,adult standards,1979,105,36,63,-9,13,67,245,11,3,77
1724,Everlong,Foo Fighters,alternative metal,1997,158,88,41,-6,8,36,251,0,4,77
59,I Want It That Way,Backstreet Boys,boy band,2001,99,70,69,-6,16,48,214,22,3,77
972,Landslide,Fleetwood Mac,album rock,1975,159,16,41,-22,12,42,199,88,3,77
1173,Could You Be Loved,Bob Marley & The Wailers,reggae,1980,103,72,92,-9,10,76,237,36,10,77
1767,"I Don't Want to Miss a Thing - From ""Armageddon"" Soundtrack",Aerosmith,album rock,1998,121,66,38,-5,25,14,299,17,3,76
264,Slow Dancing in a Burning Room,John Mayer,neo mellow,2006,134,36,67,-9,8,29,242,57,3,76
1325,Eye of the Tiger,Survivor,album rock,1985,109,60,82,-9,9,55,246,13,3,76
678,Way Down We Go,KALEO,icelandic indie,2016,163,51,49,-8,10,34,214,58,12,76
1483,Free Fallin',Tom Petty,album rock,1989,84,45,62,-13,6,57,256,21,3,76
1261,Girls Just Want to Have Fun,Cyndi Lauper,dance pop,1983,120,80,71,-5,35,73,238,22,3,76
469,Love On Top,Beyoncé,dance pop,2011,94,75,65,-5,60,65,267,8,9,76
1083,Don't Stop Me Now - 2011 Mix,Queen,glam rock,1978,156,87,56,-5,77,60,209,5,16,76
1950,Gimme Shelter,The Rolling Stones,album rock,1969,119,63,63,-8,17,49,271,45,3,76
416,Raise Your Glass,P!nk,dance pop,2010,122,71,70,-5,3,63,203,0,8,76
1452,Listen to Your Heart,Roxette,europop,1988,86,58,54,-5,11,34,328,11,3,76
1614,Mr. Jones,Counting Crows,alternative rock,1993,142,82,58,-7,28,73,272,18,4,76
560,Blurred Lines,Robin Thicke,dance pop,2013,120,60,85,-5,8,84,264,0,4,76
534,Let Her Go,Passenger,folk-pop,2013,75,55,48,-7,10,24,253,37,7,76
1286,The Boys Of Summer,Don Henley,album rock,1984,177,55,52,-14,18,91,289,50,4,76
119,Use Somebody,Kings of Leon,modern rock,2008,137,72,28,-5,20,17,231,1,4,76
1952,Whole Lotta Love - 1990 Remaster,Led Zeppelin,album rock,1969,90,90,41,-12,41,42,334,5,41,76
1174,9 to 5,Dolly Parton,classic country pop,1980,105,78,55,-6,63,81,162,42,5,76
937,Merry Xmas Everybody,Slade,album rock,1973,130,80,41,-3,18,47,223,22,4,76
445,The A Team,Ed Sheeran,pop,2011,85,29,64,-10,18,41,258,67,4,76
1866,California Dreamin' - Single Version,The Mamas & The Papas,adult standards,1966,112,61,55,-10,5,64,162,35,3,76
312,Kids,MGMT,alternative dance,2007,123,93,45,-4,36,17,303,0,7,76
1757,Careless Whisper,George Michael,dance rock,1998,153,63,57,-9,27,79,300,13,4,76
4,The Pretender,Foo Fighters,alternative metal,2007,173,96,43,-4,3,37,269,0,4,76
825,My Sweet Lord,George Harrison,album rock,1970,121,70,54,-9,8,58,281,10,3,76
1712,No Diggity,Blackstreet,boy band,1996,89,65,87,-5,28,67,305,30,29,76
1398,Smooth Criminal - 2012 Remaster,Michael Jackson,pop,1987,118,98,85,-4,31,60,258,25,8,76
1391,I Still Haven't Found What I'm Looking For,U2,irish rock,1987,101,77,56,-9,9,66,277,1,4,76
165,Uprising,Muse,modern rock,2009,128,91,60,-4,12,41,305,0,8,76
616,Let It Happen,Tame Impala,australian psych,2015,125,88,60,-6,11,58,468,0,4,76
1224,You Can't Hurry Love - 2016 Remaster,Phil Collins,mellow gold,1982,98,94,62,-5,7,76,176,3,3,76
349,You're Beautiful,James Blunt,neo mellow,2005,82,48,68,-10,9,45,209,63,3,76
687,What About Us,P!nk,dance pop,2017,114,59,49,-6,9,19,270,3,5,76
438,Somebody That I Used To Know,Gotye,australian pop,2011,129,50,86,-7,10,72,245,59,4,76
849,Ain't No Sunshine,Bill Withers,classic soul,1971,80,42,48,-11,12,51,125,46,12,76
346,Dani California,Red Hot Chili Peppers,alternative rock,2006,96,91,56,-2,35,73,282,2,4,76
1635,Black Hole Sun,Soundgarden,alternative metal,1994,105,83,35,-5,8,15,319,0,4,76
1196,Start Me Up - Remastered,The Rolling Stones,album rock,1981,122,93,63,-4,9,97,213,4,4,76
392,Clocks,Coldplay,permanent wave,2002,131,75,58,-7,18,26,308,60,3,76
1931,"Mrs. Robinson - From ""The Graduate"" Soundtrack",Simon & Garfunkel,classic rock,1968,92,46,61,-14,7,81,244,71,5,76
338,Unwritten,Natasha Bedingfield,dance pop,2004,100,80,71,-6,8,63,259,1,4,76
1293,Heaven,Bryan Adams,album rock,1984,140,59,38,-7,12,34,243,5,3,76
1641,Always,Bon Jovi,glam metal,1994,141,66,38,-6,8,33,353,12,3,76
1101,Is This Love,Bob Marley & The Wailers,reggae,1978,122,56,78,-8,7,76,232,11,10,76
471,Skinny Love,Birdy,neo mellow,2011,166,29,38,-8,12,17,201,95,5,75
1607,Linger,The Cranberries,irish rock,1993,95,43,44,-15,14,20,275,8,3,75
724,Leave a Light On,Tom Walker,indie anthem-folk,2017,69,62,59,-6,13,27,186,2,11,75
933,The Joker,Steve Miller Band,album rock,1973,83,45,60,-10,21,80,265,37,4,75
547,The Monster,Eminem,detroit hip hop,2013,110,85,78,-4,12,62,250,5,7,75
1281,Born in the U.S.A.,Bruce Springsteen,classic rock,1984,122,95,40,-6,10,58,279,0,6,75
96,21 Guns,Green Day,modern rock,2009,160,74,27,-5,63,42,321,5,4,75
1352,The Final Countdown,Europe,album rock,1986,118,84,54,-7,6,19,310,6,6,75
1928,I Say a Little Prayer,Aretha Franklin,adult standards,1968,133,36,59,-14,6,50,217,48,4,75
435,Set Fire to the Rain,Adele,british soul,2011,108,68,61,-4,13,47,242,0,3,75
429,Grenade,Bruno Mars,dance pop,2010,110,56,71,-7,12,23,223,15,6,75
1538,Even Flow,Pearl Jam,alternative rock,1991,105,94,39,-7,30,27,293,0,8,75
1742,"My Heart Will Go On - Love Theme from ""Titanic""",Céline Dion,canadian pop,1997,99,28,43,-12,12,4,280,73,3,75
174,"Free Fallin' - Live at the Nokia Theatre, Los Angeles, CA - December 2007",John Mayer,neo mellow,2008,173,30,32,-13,70,44,264,77,3,75
1804,Total Eclipse of the Heart,Bonnie Tyler,europop,1999,130,66,44,-8,10,18,270,20,7,75
605,The Sound of Silence,Disturbed,alternative metal,2015,86,28,32,-9,10,18,248,47,3,75
1014,Carry on Wayward Son,Kansas,album rock,1976,127,79,48,-6,45,79,323,0,3,75
37,Iris,The Goo Goo Dolls,alternative rock,2007,156,79,29,-6,8,51,290,0,4,75
656,"CAN'T STOP THE FEELING! (Original Song from DreamWorks Animation's ""TROLLS"")",Justin Timberlake,dance pop,2016,113,83,67,-6,10,70,238,1,7,75
519,Little Talks,Of Monsters and Men,folk-pop,2012,103,76,45,-5,15,42,267,2,3,75
1736,Good Riddance (Time of Your Life),Green Day,modern rock,1997,95,43,48,-8,16,65,153,18,3,75
1840,The Sound of Silence - Acoustic Version,Simon & Garfunkel,classic rock,1964,107,22,53,-14,11,33,185,84,3,75
149,I Want To Hold Your Hand - Remastered 2015,The Beatles,british invasion,2000,131,72,49,-6,31,87,146,39,5,75
387,One More Time,Daft Punk,electro,2001,123,70,61,-9,33,48,320,2,13,75
1006,(Don't Fear) The Reaper,Blue Öyster Cult,album rock,1976,141,93,33,-9,30,38,308,0,7,75
294,Hurt,Johnny Cash,arkansas country,2002,90,39,53,-8,9,16,217,65,3,75
1113,Comfortably Numb,Pink Floyd,album rock,1979,127,37,47,-13,8,17,382,15,3,75
1650,When I Come Around,Green Day,modern rock,1994,98,91,53,-4,23,81,178,2,3,75
1869,That's Life,Frank Sinatra,adult standards,1966,112,44,55,-14,44,63,187,53,7,75
702,One More Light,Linkin Park,alternative metal,2017,84,20,59,-11,9,17,255,90,3,75
1516,Black,Pearl Jam,alternative rock,1991,77,68,36,-6,34,20,343,32,3,75
591,Superheroes,The Script,celtic rock,2014,167,89,49,-4,7,64,245,0,4,75
1522,Alive,Pearl Jam,alternative rock,1991,75,88,28,-6,40,60,341,1,4,75
226,Here Without You,3 Doors Down,alternative metal,2002,144,55,54,-7,13,23,239,5,2,75
106,Empire State of Mind (Part II) Broken Down,Alicia Keys,hip pop,2009,93,37,48,-8,12,14,216,74,3,75
107,Numb / Encore,JAY-Z,east coast hip hop,2004,107,79,69,-4,58,75,206,6,17,75
1267,Purple Rain,Prince,funk,1984,113,45,37,-10,69,19,521,4,3,75
1088,Hold the Line,TOTO,album rock,1978,96,70,49,-12,15,78,236,4,6,75
1355,You Can Call Me Al,Paul Simon,classic rock,1986,128,76,78,-8,8,82,280,18,5,75
467,Run the World (Girls),Beyoncé,dance pop,2011,127,90,73,-4,37,76,236,0,14,75
896,You're so Vain,Carly Simon,adult standards,1972,106,68,66,-8,8,65,258,16,3,75
127,Best of You,Foo Fighters,alternative metal,2005,130,94,37,-5,19,37,256,0,7,75
894,Walk On the Wild Side,Lou Reed,art rock,1972,105,32,57,-17,9,39,254,68,11,75
222,Gravity,John Mayer,neo mellow,2006,124,33,76,-10,24,24,246,73,3,75
220,Stan,Eminem,detroit hip hop,2000,80,77,78,-4,52,51,404,4,24,75
1031,Heroes - 2017 Remaster,David Bowie,album rock,1977,112,76,49,-6,9,44,371,0,3,75
888,Take It Easy - 2013 Remaster,Eagles,album rock,1972,139,67,57,-10,13,74,212,34,3,75
126,Crazy In Love (feat. Jay-Z),Beyoncé,dance pop,2003,99,77,65,-7,7,68,236,0,23,75
899,Listen to the Music,The Doobie Brothers,album rock,1972,106,60,65,-13,7,91,227,22,3,75
1066,Barracuda,Heart,album rock,1977,137,69,55,-14,14,67,262,2,4,74
318,By the Way,Red Hot Chili Peppers,alternative rock,2002,122,97,45,-5,10,20,217,3,11,74
1709,Killing Me Softly With His Song,Fugees,east coast hip hop,1996,92,29,77,-17,57,51,299,3,14,74
1542,Don't Cry (Original),Guns N' Roses,glam metal,1991,125,59,46,-9,10,24,284,0,3,74
480,Skyfall - Full Length,Adele,british soul,2012,76,55,35,-7,11,8,286,42,3,74
1523,Enter Sandman,Metallica,alternative metal,1991,123,82,58,-9,6,64,332,0,3,74
1520,Smells Like Teen Spirit,Nirvana,alternative rock,1991,117,91,50,-5,11,72,302,0,6,74
1571,Everybody Hurts,R.E.M.,alternative rock,1992,94,32,47,-10,12,17,320,62,3,74
1590,Jump Around,House Of Pain,gangster rap,1992,107,71,85,-6,17,82,215,1,8,74
1464,Another Day in Paradise - 2016 Remaster,Phil Collins,mellow gold,1989,102,56,78,-7,6,37,322,74,3,74
1615,Heart-Shaped Box,Nirvana,alternative rock,1993,203,64,26,-10,9,38,281,20,6,74
596,Counting Stars,OneRepublic,dance pop,2014,122,71,66,-5,12,48,258,7,4,74
604,Let It Go,James Bay,neo mellow,2014,147,31,55,-10,11,25,261,82,3,74
624,Adventure of a Lifetime,Coldplay,permanent wave,2015,112,92,64,-4,15,53,264,0,4,74
359,When You Say Nothing At All,Ronan Keating,dance pop,2000,174,45,46,-11,8,42,257,16,3,74
652,Against All Odds (Take a Look at Me Now) - 2016 Remaster,Phil Collins,mellow gold,2016,116,50,58,-7,13,11,206,20,3,74
660,Dark Necessities,Red Hot Chili Peppers,alternative rock,2016,92,74,70,-7,11,20,302,7,7,74
1680,1979 - Remastered 2012,The Smashing Pumpkins,alternative metal,1995,127,79,77,-10,5,96,266,2,3,74
1366,Kiss,Prince,funk,1986,111,27,90,-12,5,74,226,1,9,74
1361,The Lady In Red,Chris de Burgh,classic uk pop,1986,77,29,55,-17,4,49,256,33,3,74
333,Rehab,Amy Winehouse,british soul,2006,72,87,43,-3,40,73,214,5,7,74
1699,Down Under,Men At Work,album rock,1996,107,79,75,-5,5,89,221,5,3,74
686,Boulevard of Broken Dreams,Green Day,modern rock,2017,167,68,50,-4,6,47,262,1,3,74
243,Breakeven,The Script,celtic rock,2008,94,70,63,-5,8,53,261,17,2,74
1828,At Last,Etta James,adult standards,1960,87,35,27,-9,33,33,180,55,3,74
111,Waiting On the World to Change,John Mayer,neo mellow,2006,177,76,58,-6,25,66,201,16,12,74
43,Take Me Out,Franz Ferdinand,alternative rock,2004,105,68,28,-9,14,49,237,0,4,74
1008,If You Leave Me Now,Chicago,adult standards,1976,104,56,43,-7,13,28,235,2,3,74
921,La Grange - 2005 Remaster,ZZ Top,album rock,1973,81,64,55,-10,20,61,230,0,22,74
1836,Twist And Shout - Remastered 2009,The Beatles,british invasion,1963,125,85,48,-9,4,94,155,64,5,74
166,My Immortal,Evanescence,alternative metal,2003,79,27,19,-9,13,10,263,86,4,74
1120,Message In A Bottle,The Police,album rock,1979,151,81,58,-7,22,87,290,3,4,74
1135,Don't Stop 'Til You Get Enough - Single Version,Michael Jackson,pop,1979,119,82,88,-10,18,95,365,13,9,74
144,Red Red Wine,UB40,reggae fusion,2000,89,47,86,-9,27,84,184,0,5,74
928,Knockin' On Heaven's Door - Remastered,Bob Dylan,album rock,1973,140,40,51,-13,11,23,150,25,3,74
1916,Sunshine Of Your Love,Cream,album rock,1967,115,48,68,-13,12,78,250,48,4,74
92,I'm Gonna Be (500 Miles),The Proclaimers,celtic rock,2003,132,55,85,-5,8,81,219,15,4,74
1156,Ace of Spades,Motörhead,album rock,1980,140,98,32,-7,9,23,166,0,17,74
950,Rebel Rebel - 2016 Remaster,David Bowie,album rock,1974,126,69,64,-16,28,46,275,21,5,74
1930,White Room,Cream,album rock,1968,110,58,55,-13,4,46,298,19,3,74
1157,Another One Bites The Dust - Remastered 2011,Queen,glam rock,1980,110,53,93,-6,16,76,215,11,16,74
1923,Blackbird - Remastered 2009,The Beatles,british invasion,1968,94,13,69,-14,6,37,138,75,3,74
942,Jolene,Dolly Parton,classic country pop,1974,111,54,67,-11,13,81,162,57,4,74
1856,Feeling Good,Nina Simone,adult standards,1965,79,33,40,-9,19,55,174,86,4,74
815,Father And Son,Yusuf / Cat Stevens,british folk,1970,136,33,50,-11,10,40,221,59,3,74
1107,Beast Of Burden - Remastered,The Rolling Stones,album rock,1978,101,88,78,-4,4,89,265,39,3,74
1858,In My Life - Remastered 2009,The Beatles,british invasion,1965,103,44,69,-11,11,44,146,45,3,74
34,Don't Know Why,Norah Jones,adult standards,2002,88,20,73,-12,7,62,186,88,3,74
1020,The Boys Are Back In Town,Thin Lizzy,album rock,1976,81,71,45,-10,21,77,267,23,5,74
854,American Pie,Don McLean,adult standards,1971,138,48,53,-12,8,49,517,70,6,74
1202,Don't You Want Me,The Human League,art rock,1981,118,74,73,-8,21,96,237,18,4,74
1067,One Love / People Get Ready - Medley,Bob Marley & The Wailers,reggae,1977,76,52,73,-10,7,95,173,8,32,74
1060,Give A Little Bit,Supertramp,album rock,1977,91,82,53,-5,26,47,248,7,5,74
1992,Johnny B. Goode,Chuck Berry,blues rock,1959,168,80,53,-9,31,97,162,74,7,74
7,She Will Be Loved,Maroon 5,pop,2002,102,71,71,-6,13,54,257,6,3,74
136,You Know I'm No Good,Amy Winehouse,british soul,2006,103,81,71,-4,7,73,257,1,3,74
1278,Forever Young,Alphaville,dance rock,1984,137,48,49,-9,24,33,227,42,3,74
1803,Learn to Fly,Foo Fighters,alternative metal,1999,136,92,47,-4,26,54,235,0,4,74
1274,I'm On Fire,Bruce Springsteen,classic rock,1984,89,45,62,-14,7,87,156,59,3,74
12,Seven Nation Army,The White Stripes,alternative rock,2003,124,46,74,-8,26,32,232,1,8,74
20,Cry Me a River,Justin Timberlake,dance pop,2002,74,65,62,-7,10,56,288,57,18,74
842,Riders on the Storm,The Doors,album rock,1971,104,72,55,-12,11,72,435,25,3,74
1723,Karma Police,Radiohead,alternative rock,1997,75,51,36,-9,17,32,264,6,3,74
887,Starman - 2012 Remaster,David Bowie,album rock,1972,100,45,49,-10,54,55,254,17,3,74
877,Black Dog - Remaster,Led Zeppelin,album rock,1971,81,86,44,-8,24,75,295,40,9,73
1914,I'm a Believer - 2006 Remaster,The Monkees,brill building pop,1967,80,78,53,-6,22,96,167,71,4,73
1195,Every Little Thing She Does Is Magic,The Police,album rock,1981,82,77,56,-10,12,43,261,12,3,73
1632,Hallelujah,Jeff Buckley,alternative rock,1994,97,14,32,-10,18,8,414,93,3,73
1636,The Man Who Sold The World,Nirvana,alternative rock,1994,115,75,48,-9,26,42,261,43,8,73
1602,No Rain,Blind Melon,alternative metal,1992,148,48,39,-9,26,57,217,62,3,73
918,Money,Pink Floyd,album rock,1973,124,54,47,-10,27,78,383,2,15,73
577,Magic,Coldplay,permanent wave,2014,93,48,74,-9,11,36,285,3,4,73
1922,(Sittin' On) the Dock of the Bay,Otis Redding,classic soul,1968,104,37,77,-11,8,54,164,68,3,73
307,Human,The Killers,modern rock,2008,135,80,56,-8,9,58,245,0,6,73
1136,London Calling - Remastered,The Clash,classic rock,1979,134,80,65,-7,8,78,200,12,5,73
1596,I Have Nothing,Whitney Houston,dance pop,1992,153,40,54,-10,16,24,289,58,4,73
1487,We Didn't Start the Fire,Billy Joel,album rock,1989,145,97,71,-5,36,90,288,8,5,73
488,Try,P!nk,dance pop,2012,104,63,67,-7,9,55,248,0,3,73
483,Radioactive,Imagine Dragons,modern rock,2012,136,78,45,-4,67,24,187,11,6,73
1051,Psycho Killer - 2005 Remaster,Talking Heads,alternative rock,1977,123,52,72,-8,13,94,261,7,6,73
1530,Jeremy,Pearl Jam,alternative rock,1991,109,85,28,-6,18,29,318,4,4,73
1549,Give It Away,Red Hot Chili Peppers,alternative rock,1991,92,94,67,-10,15,78,283,0,5,73
1047,Wonderful Tonight,Eric Clapton,album rock,1977,96,21,57,-16,13,49,225,65,3,73
1987,Jailhouse Rock,Elvis Presley,adult standards,1958,167,58,65,-10,7,92,146,41,8,73
1033,Go Your Own Way - 2004 Remaster,Fleetwood Mac,album rock,1977,135,94,59,-5,7,83,224,2,4,73
1977,Down On The Corner,Creedence Clearwater Revival,album rock,1969,108,54,86,-9,7,87,166,58,8,73
464,Give Me Love,Ed Sheeran,pop,2011,116,33,53,-10,11,11,526,69,5,73
1511,"It Must Have Been Love - From the Film ""Pretty Woman""",Roxette,europop,1990,81,65,52,-7,26,72,259,34,3,73
1959,My Way,Frank Sinatra,adult standards,1969,75,38,40,-7,12,23,277,70,3,73
451,Lonely Boy,The Black Keys,alternative rock,2011,166,87,36,-8,10,61,194,0,7,73
1570,Bed Of Roses,Bon Jovi,glam metal,1992,165,60,31,-6,21,16,394,10,3,73
1949,Space Oddity - 2015 Remaster,David Bowie,album rock,1969,140,44,30,-13,18,43,319,7,3,73
1130,Boogie Wonderland,"Earth, Wind & Fire",disco,1979,132,76,80,-11,5,96,288,8,3,73
71,Make You Feel My Love,Adele,british soul,2008,77,18,55,-11,11,9,212,89,3,73
967,Born to Run,Bruce Springsteen,classic rock,1975,146,94,27,-4,12,61,270,1,10,73
1148,Rock with You - Single Version,Michael Jackson,pop,1979,114,54,81,-13,16,85,221,18,4,73
1888,Respect,Aretha Franklin,adult standards,1967,115,56,81,-5,5,97,148,16,4,73
485,Demons,Imagine Dragons,modern rock,2012,90,71,51,-3,33,43,175,19,3,73
1853,Help! - Remastered 2009,The Beatles,british invasion,1965,95,73,53,-8,10,76,140,19,3,73
1368,Wanted Dead Or Alive,Bon Jovi,glam metal,1986,150,80,25,-4,31,25,309,13,4,73
331,Blue Monday - 2016 Remaster,New Order,alternative rock,2005,130,70,79,-10,8,86,451,0,6,73
828,Fire and Rain,James Taylor,adult standards,1970,76,35,61,-14,8,36,201,50,4,73
827,Cecilia,Simon & Garfunkel,classic rock,1970,103,88,76,-9,22,95,175,36,4,73
168,Everything,Michael Bublé,adult standards,2007,123,69,69,-5,9,49,212,39,3,73
1832,"Oh, Pretty Woman",Roy Orbison,adult standards,1962,127,60,62,-9,7,96,179,72,3,73
204,Supermassive Black Hole,Muse,modern rock,2006,120,92,67,-4,9,78,212,5,4,73
824,Roadhouse Blues,The Doors,album rock,1970,121,63,61,-8,15,90,244,34,3,73
782,Don't You (Forget About Me),Simple Minds,art rock,2019,111,75,67,-9,29,69,261,8,3,73
1388,Sweet Child O' Mine,Guns N' Roses,glam metal,1987,125,95,45,-5,11,62,356,9,5,73
654,When We Were Young,Adele,british soul,2016,144,59,38,-6,9,27,291,35,5,73
642,Be the One,Dua Lipa,dance pop,2015,87,65,66,-4,6,37,203,12,5,73
198,Starlight,Muse,modern rock,2006,122,87,55,-4,21,32,240,0,3,73
1671,Lemon Tree,Fools Garden,german pop rock,1995,143,48,66,-9,12,64,191,64,4,73
1240,99 Luftballons,Nena,german pop,1983,95,56,57,-7,11,50,232,10,5,73
1402,Alone,Heart,album rock,1987,175,45,42,-13,10,17,219,64,4,73
651,Hello,Adele,british soul,2016,158,45,48,-6,9,29,295,34,3,73
1265,Buffalo Soldier,Bob Marley & The Wailers,reggae,1983,124,46,93,-9,6,76,256,14,31,73
1776,Freak On a Leash,Korn,alternative metal,1998,103,90,35,-6,39,53,256,0,5,73
780,Arcade,Duncan Laurence,dutch pop,2019,72,33,45,-13,14,27,184,82,4,73
1359,There Is a Light That Never Goes Out - 2011 Remaster,The Smiths,dance rock,1986,136,77,52,-6,14,88,245,4,3,73
1296,Thank God It's Christmas - 2011 Remaster,Queen,glam rock,1984,86,42,30,-9,23,33,262,22,3,72
284,Feel,Robbie Williams,dance pop,2002,98,73,60,-7,14,29,264,1,3,72
1057,The Passenger,Iggy Pop,alternative rock,1977,135,89,50,-5,73,70,283,9,5,72
1285,The Power Of Love,Frankie Goes To Hollywood,art rock,1984,123,16,46,-17,18,10,333,38,3,72
322,Stuck In The Middle With You,Stealers Wheel,classic rock,2009,124,56,80,-10,6,96,204,9,4,72
1495,If I Could Turn Back Time,Cher,dance pop,1989,108,57,66,-10,12,50,240,24,3,72
541,All I Want,Kodaline,irish pop,2013,86,41,21,-10,8,16,306,17,4,72
1791,Pretty Fly (For A White Guy),The Offspring,alternative metal,1998,143,90,72,-4,7,96,189,9,10,72
792,DEUTSCHLAND,Rammstein,alternative metal,2019,120,90,52,-5,10,24,322,0,4,72
1951,Suspicious Minds,Elvis Presley,adult standards,1969,117,38,49,-11,41,71,261,4,3,72
1117,The Logical Song - Remastered 2010,Supertramp,album rock,1979,120,76,63,-6,15,70,251,51,5,72
1529,Come As You Are,Nirvana,alternative rock,1991,120,82,50,-6,9,54,219,0,4,72
442,Still Loving You,Scorpions,album rock,2011,104,61,28,-5,10,8,403,0,3,72
1693,High And Dry,Radiohead,alternative rock,1995,88,38,42,-12,9,35,257,7,3,72
1002,Dancing Queen,ABBA,europop,1976,101,88,54,-7,76,75,231,38,4,72
1684,Dear Mama,2Pac,g funk,1995,84,54,77,-7,13,32,280,37,10,72
1077,Lovely Day,Bill Withers,classic soul,1977,98,65,69,-8,11,71,255,29,3,72
1264,Karma Chameleon - Remastered,Culture Club,dance pop,1983,92,73,67,-7,19,89,253,23,4,72
208,Mary Jane's Last Dance,Tom Petty and the Heartbreakers,album rock,2008,170,66,46,-9,33,53,274,3,6,72
1961,Something - Remastered 2009,The Beatles,british invasion,1969,134,34,40,-11,14,38,182,20,3,72
39,All My Life,Foo Fighters,alternative metal,2002,168,60,58,-6,48,65,263,0,5,72
1041,She's Always a Woman,Billy Joel,album rock,1977,177,32,29,-12,12,38,201,80,3,72
1207,Under Pressure - Remastered,Queen,glam rock,1982,114,71,67,-8,10,47,248,42,5,72
35,Tears Dry On Their Own,Amy Winehouse,british soul,2006,122,87,64,-3,29,45,185,49,12,72
1356,Don't Dream It's Over,Crowded House,australian pop,1986,82,42,44,-17,7,55,237,1,4,72
1825,My Name Is,Eminem,detroit hip hop,1999,86,68,87,-6,9,82,268,4,32,72
1022,Sir Duke,Stevie Wonder,adult standards,1976,107,57,59,-10,8,95,233,16,7,72
507,I Won't Give Up,Jason Mraz,acoustic pop,2012,137,30,59,-10,12,14,240,69,4,72
332,Behind Blue Eyes,Limp Bizkit,alternative metal,2003,120,49,60,-7,12,9,270,50,3,72
1640,Kiss from a Rose,Seal,british soul,1994,132,53,58,-7,31,22,288,68,3,72
1934,The Weight - Remastered,The Band,album rock,1968,144,55,63,-9,10,52,274,37,5,72
833,Into the Mystic - 2013 Remaster,Van Morrison,classic rock,1970,86,52,61,-10,12,80,206,37,3,72
1612,Ordinary World,Duran Duran,dance rock,1993,140,65,47,-10,14,40,340,1,3,72
109,All Summer Long,Kid Rock,alternative metal,2007,103,86,70,-4,10,89,298,2,3,72
1621,Are You Gonna Go My Way,Lenny Kravitz,permanent wave,1993,129,67,62,-10,33,78,212,0,4,72
1903,Purple Haze,Jimi Hendrix,album rock,1967,109,91,53,-5,7,49,171,1,8,72
913,Angie,The Rolling Stones,album rock,1973,136,55,43,-6,11,41,272,67,3,72
400,Changes,2Pac,g funk,2007,111,66,87,-7,14,32,269,4,8,72
1894,Light My Fire,The Doors,album rock,1967,125,73,41,-6,9,44,430,37,3,72
1396,Welcome To The Jungle,Guns N' Roses,glam metal,1987,124,99,45,-4,27,32,273,2,9,72
850,Wild Horses,The Rolling Stones,album rock,1971,140,39,43,-7,8,16,342,69,3,72
1415,The Way You Make Me Feel - 2012 Remaster,Michael Jackson,pop,1987,114,85,88,-5,14,54,298,5,15,72
389,TRUE - Single Edit,Spandau Ballet,dance rock,2008,97,55,74,-9,6,35,328,51,3,72
1883,Wouldn't It Be Nice - Stereo Mix,The Beach Boys,baroque pop,1966,125,63,39,-7,13,72,153,72,3,72
871,Maggie May,Rod Stewart,adult standards,1971,129,57,61,-11,7,54,350,56,4,72
597,Time After Time,Cyndi Lauper,dance pop,2014,130,44,72,-9,9,32,243,58,3,72
1610,Shape Of My Heart,Sting,permanent wave,1993,84,37,54,-10,8,24,279,69,3,72
1456,Baby Can I Hold You,Tracy Chapman,folk,1988,74,42,69,-11,8,47,193,8,3,72
1482,If You Don't Know Me by Now - 2008 Remaster,Simply Red,british soul,1989,94,35,64,-9,11,20,204,49,3,72
1917,Break on Through (To the Other Side),The Doors,album rock,1967,90,75,42,-10,17,79,146,20,5,72
806,The Boxer,Simon & Garfunkel,classic rock,1970,93,49,44,-14,16,63,309,70,6,72
1237,Sunday Bloody Sunday - Remastered 2008,U2,irish rock,1983,101,94,54,-7,4,74,279,40,5,72
85,Self Esteem,The Offspring,alternative metal,2005,105,91,46,-4,36,61,258,2,6,72
1865,God Only Knows - Remastered,The Beach Boys,baroque pop,1966,117,49,52,-8,6,48,173,25,3,72
1502,Nothing Compares 2 U,Sinéad O'Connor,folk,1990,120,57,51,-7,11,16,280,4,3,71
612,Chandelier,Sia,australian dance,2015,117,79,40,-3,7,57,216,2,5,71
1486,Black Velvet,Alannah Myles,classic canadian rock,1989,91,37,75,-10,11,47,287,27,3,71
1243,Let's Dance - 2018 Remaster,David Bowie,album rock,1983,115,74,65,-7,15,63,458,1,6,71
860,Brown Sugar - Remastered,The Rolling Stones,album rock,1971,129,93,63,-4,6,96,229,22,3,71
1160,Redemption Song,Bob Marley & The Wailers,reggae,1980,116,26,67,-11,7,69,234,61,4,71
847,Life on Mars? - 2015 Remaster,David Bowie,album rock,1971,123,38,44,-15,5,22,236,64,4,71
1294,Smalltown Boy,Bronski Beat,dance rock,1984,135,58,69,-11,12,94,302,29,3,71
802,Bridge Over Troubled Water,Simon & Garfunkel,classic rock,1970,80,21,15,-14,12,26,293,82,3,71
721,Homesick,Dua Lipa,dance pop,2017,86,22,43,-9,11,40,230,95,4,71
1335,Shout,Tears For Fears,art rock,1985,98,94,51,-10,14,50,394,17,4,71
880,Behind Blue Eyes,The Who,album rock,1971,127,62,39,-8,9,34,221,21,3,71
1227,Sexual Healing,Marvin Gaye,classic soul,1982,94,60,81,-10,6,75,239,12,6,71
845,Me and Bobby McGee,Janis Joplin,blues rock,1971,93,46,45,-11,15,66,271,30,4,71
808,I Walk the Line,Johnny Cash,arkansas country,1970,99,26,71,-15,10,56,177,88,4,71
925,Band On The Run - Remastered 2010,Paul McCartney,album rock,1973,125,60,48,-9,11,67,313,8,3,71
1178,Keep on Loving You,REO Speedwagon,album rock,1980,175,72,31,-6,12,41,200,5,3,71
790,Reünie,Snelle,dutch hip hop,2019,96,35,51,-9,59,51,172,67,15,71
1023,Blitzkrieg Bop - 2016 Remaster,Ramones,classic rock,1976,177,78,39,-3,11,90,134,0,23,71
1232,P.Y.T. (Pretty Young Thing),Michael Jackson,pop,1982,127,82,89,-5,13,96,239,23,4,71
1392,Paradise City,Guns N' Roses,glam metal,1987,100,98,27,-6,18,40,406,2,10,71
804,Have You Ever Seen The Rain,Creedence Clearwater Revival,album rock,1970,116,47,74,-13,19,89,160,9,3,71
934,Long Train Runnin',The Doobie Brothers,album rock,1973,117,91,57,-7,6,84,207,9,4,71
917,Free Bird,Lynyrd Skynyrd,album rock,1973,117,85,28,-8,6,44,559,1,5,71
1253,I Heard It Through The Grapevine,Marvin Gaye,classic soul,1983,117,35,72,-11,11,64,197,20,4,71
1394,Englishman In New York,Sting,permanent wave,1987,102,35,67,-18,9,65,267,40,4,71
886,Heart of Gold - 2009 Remaster,Neil Young,album rock,1972,171,46,54,-10,10,80,187,19,3,71
1,Sunrise,Norah Jones,adult standards,2004,157,30,53,-14,11,68,201,94,3,71
1867,Eleanor Rigby - Remastered 2009,The Beatles,british invasion,1966,138,28,58,-9,31,81,127,94,4,71
470,Lego House,Ed Sheeran,pop,2011,160,64,59,-8,13,56,185,56,10,71
28,Cleanin' Out My Closet,Eminem,detroit hip hop,2002,148,76,91,-5,8,87,298,7,17,71
377,Trouble,Coldplay,permanent wave,2000,140,55,56,-7,17,19,273,19,3,71
1644,Sabotage,Beastie Boys,alternative rock,1994,168,94,32,-7,10,54,178,3,10,71
1657,Wonderwall - Remastered,Oasis,britpop,1995,175,87,37,-5,23,48,259,0,4,71
1690,Bullet With Butterfly Wings - Remastered 2012,The Smashing Pumpkins,alternative metal,1995,122,72,40,-9,5,48,258,0,6,71
302,Like a Prayer,Madonna,dance pop,2009,111,84,62,-5,18,26,343,26,4,71
1577,Would?,Alice In Chains,alternative metal,1992,101,83,31,-8,9,59,207,0,4,71
118,"Harder, Better, Faster, Stronger",Daft Punk,electro,2001,123,72,82,-9,36,69,225,4,14,71
1893,Good Vibrations - Remastered,The Beach Boys,baroque pop,1967,133,47,40,-8,11,39,219,33,3,71
1892,Hey Joe,Jimi Hendrix,album rock,1967,169,77,35,-6,2,53,210,1,4,71
268,(What A) Wonderful World,Sam Cooke,adult standards,2000,129,51,69,-10,46,89,125,63,3,71
1552,Learning To Fly,Tom Petty and the Heartbreakers,album rock,1991,117,77,65,-10,36,95,242,21,3,71